<?xml version="1.0" encoding="UTF-8" standalone="yes"?>
<addon id="repository.evolverepo" name="zzz" version="1.1" provider-name="Evolve">
	<extension point="xbmc.addon.repository" name="Evolve Repository">
        <info compressed="false">https://raw.githubusercontent.com/nawo69/nawo69backup/master/addons.xml</info>
        <checksum>https://raw.githubusercontent.com/nawo69/nawo69backup/master/addons.xml.md5</checksum>
        <datadir zip="true">https://raw.githubusercontent.com/nawo69/nawo69backup/master/</datadir>
	</extension>
	<extension point="xbmc.addon.metadata">
		<summary>Home of the unofficial 3rd party Addon Evolve and addons by Team Evolve</summary>
		<description>Download and install all unofficial Add-ons from Evolve Team</description>
		<platform>all</platform>
	</extension>
</addon>

