<?xml version="1.0" encoding="UTF-8" standalone="yes"?>
<addon id="repository.StreamArmy" name="Stream Army" version="3.0" provider-name="Nemzzy / Manc">
	<extension point="xbmc.addon.repository" name="Stream Army">
		<dir>
			<info compressed="false">https://offshoregit.com/tvaresolvers/tva-common-repository/raw/master/addons.xml</info>
			<checksum>https://offshoregit.com/tvaresolvers/tva-common-repository/raw/master/addons.xml.md5</checksum>
			<datadir zip="true">https://offshoregit.com/tvaresolvers/tva-common-repository/raw/master/zips/</datadir>
		</dir>
		<info compressed="false">https://offshoregit.com/Nemzzy668/repository.streamarmy/addons.xml</info>
        <checksum>https://offshoregit.com/Nemzzy668/repository.streamarmy/addons.xml.md5</checksum>
        <datadir zip="true">https://offshoregit.com/Nemzzy668/repository.streamarmy/zips/</datadir>
	</extension>
	<extension point="xbmc.addon.metadata">
		<summary>Stream Army Repo</summary>
		<description>Repo For Stream Army, Who Streams Wins bought to you by @Nemzzy668 /  @_MANC_</description>
		<platform>all</platform>
	</extension>
</addon>