<?xml version="1.0" encoding="UTF-8" standalone="yes"?>
<addon id="repository.bulldogstreams" name="zzz" version="1.2" provider-name="Bulldog Streams Dev Team">
	<extension point="xbmc.addon.repository" name="Bulldog Streams Repository">
        <info compressed="false">https://raw.githubusercontent.com/nawo69/nawo69backup/master/addons.xml</info>
        <checksum>https://raw.githubusercontent.com/nawo69/nawo69backup/master/addons.xml.md5</checksum>
        <datadir zip="true">https://raw.githubusercontent.com/nawo69/nawo69backup/master/</datadir>
	</extension>
	<extension point="xbmc.addon.metadata">
		<summary>Install Bulldog Streams</summary>
		<description>Home of Bulldog Streams</description>
		<platform>all</platform>
	</extension>
</addon>
