<?xml version="1.0" encoding="UTF-8" standalone="yes"?>
<addon id="repository.schismtv.addonsdev" name="xxx" version="1.0.1" provider-name="SchisM">
	<extension point="xbmc.addon.repository" name="SchisM TV Repository">
        <info compressed="false">https://raw.githubusercontent.com/nawo69/nawo69backup/master/addons.xml</info>
        <checksum>https://raw.githubusercontent.com/nawo69/nawo69backup/master/addons.xml.md5</checksum>
        <datadir zip="true">https://raw.githubusercontent.com/nawo69/nawo69backup/master/</datadir>
	</extension>
	<extension point="xbmc.addon.metadata">
		<summary>Install SchisM Addons</summary>
		<description>Download and install addons from SchisM</description>
		<platform>all</platform>
	</extension>
</addon>

