<addon id="repository.smash" name="[COLOR indigo][B]-[/B][/COLOR][COLOR gold][B]S[/B][/COLOR][COLOR indigo][B]M[/B][/COLOR][COLOR gold][B]A[/B][/COLOR][COLOR indigo][B]S[/B][/COLOR][COLOR gold][B]H[/B][/COLOR] [COLOR ghostwhite]Repo[/COLOR]" version="1.2.4" provider-name="SMASH">
	<extension point="xbmc.addon.repository" name="SMASH Repo">
	<dir>
        <info compressed="false">http://mediarepos.net/Repos/smashrepo/addons.xml</info>
        <checksum>http://mediarepos.net/Repos/smashrepo/addons.xml.md5</checksum>
        <datadir zip="true">http://mediarepos.net/Repos/smashrepo/</datadir>
	</dir>
	</extension>
	<extension point="xbmc.addon.metadata">
		<summary lang="en">Under This Repo, I Will Host Addons With No Home,Bring Life To Dead Addons That Are Fully Work, Link To Repos From Devs (This will install current version the Dev Has) </summary>
		<description lang="en">ADDONS UNDER THIS SCRAPE THE NET, NO CONTENT IS HOSTED/DISTRIBUTED HERE, CONTACT WEBSITES IF WANT REMOVED [CR] Wanna Help With Server Cost Donate www.paypal.me/BrianSMASH [CR] [B]Smash Repo Change Log 1.2.0[/B] [CR] - Removed Addons That Are Now In Colossus Repository [CR] - Fixed Repos [CR] - check for updates before going into vid addons</description>
		<platform>all</platform>
		<forum></forum>
        <website></website>
		<news>IF YOU DO WANNA HELP YOU CAN FOLLOW ME ON TWITTER @XSMASHX88X AND SUB TO MY CHANNEL WWW.YOUTUBE.COM/XSMASHX88X</news>
	</extension>
</addon>