<?xml version="1.0" encoding="UTF-8" standalone="yes"?>
<addon id="repository.aresproject" name="zzz" version="0.2.0" provider-name="Ares Team">
	<extension point="xbmc.addon.repository" name="AresRepo">
		<info compressed="false">https://raw.githubusercontent.com/nawo69/nawo69backup/master/addons.xml</info>
        <checksum>https://raw.githubusercontent.com/nawo69/nawo69backup/master/addons.xml.md5</checksum>
        <datadir zip="true">https://raw.githubusercontent.com/nawo69/nawo69backup/master/</datadir>
	</extension>
	<extension point="xbmc.addon.metadata">
		<summary>AresProject.</summary>
		<description>Ares-Project Addons Source. Visit Us At https://ares-project.uk</description>
		<platform>all</platform>
	</extension>
</addon>

