<?xml version="1.0" encoding="UTF-8" standalone="yes"?>
<addon id="repository.StreamAddons" name="[COLOR lime]Stream Addons[/COLOR]" version="0.4" provider-name="Stream Addons // A Home For All Devs">
	<extension point="xbmc.addon.repository" name="Stream Addons">
		<info compressed="false">http://www.streamaddons.eu/xmls/addons.xml</info>
        <checksum>http://www.streamaddons.eu/xmls/addons.xml.md5</checksum>
        <datadir zip="true">http://www.streamaddons.eu/zips/</datadir>
	</extension>
	<extension point="xbmc.addon.metadata">
		<summary>Stream Addons Repo</summary>
		<description>Official Community www.streamaddons.eu Repo</description>
		<platform>all</platform>
	</extension>
</addon>