<?xml version="1.0" encoding="UTF-8" standalone="yes"?>
<addon id="repository.nawo69" 
        name="nawo69 Add-ons" 
        version="1.1.3"
        provider-name="nawo69">
  <requires>
		<import addon="repository.aresproject" />
		<import addon="repository.bbtsip.tv" />
		<import addon="repository.beta.mediabrowser.kodi" />
		<import addon="repository.BlazeRepo" />
		<import addon="repository.chrischrome" />
		<import addon="repository.coldkeys" />
		<import addon="repository.d0f21" />
		<import addon="repository.dextertv" />
		<import addon="repository.dudehere.plugins" />
		<import addon="repository.eldorado" />
		<import addon="repository.entertainmentrepobackup" />
		<import addon="repository.exodus" />
		<import addon="repository.filmkodi.com" />
		<import addon="repository.HalowTV" />
		<import addon="repository.istream" />
		<import addon="repository.jas0npc" />
		<import addon="repository.Kinkin" />
		<import addon="repository.lambda" />
		<import addon="repository.legends" />
		<import addon="repository.Lwsrepo" />
		<import addon="repository.mdrepo" />
		<import addon="repository.metalkettle" />
		<import addon="repository.Mr-Smiths-Repo" />
		<import addon="repo.natko1412" />
		<import addon="repository.noobsandnerds" />
		<import addon="repository.podgod" />
		<import addon="repository.schismtv.addonsdev" />
		<import addon="repository.shani" />
		<import addon="repository.SportsMania" />
		<import addon="repository.spoyser" />
		<import addon="repository.team.expat" />
		<import addon="repository.tknorris.beta" />
		<import addon="repository.unblockr" />
		<import addon="repository.VinManJSV" />
		<import addon="repository.whitecream" />
		<import addon="repository.xbmcadult" />
		<import addon="repository.xbmchub" />
		<import addon="repository.xunitytalk" />
		<import addon="superrepo.kodi.helix.all" />
		<import addon="superrepo.kodi.jarvis.all" />
		<import addon="repository.foreverguest" />
		<import addon="repository.eracknaphobia" />
		<import addon="repository.awesome" />
		<import addon="repository.xxxadultxbmc" />
		<import addon="repository.dnarepo" />
		<import addon="repository.bulldogstreams" />
		<import addon="repository.Cosmixrepo" />
		<import addon="repository.RenegadesTV" />
  </requires>
    <extension point="xbmc.addon.repository" 
        name="nawo69 Kodi Add-ons and Repos">
        <info compressed="false">https://raw.githubusercontent.com/nawo69/nawo69/master/addons.xml</info>
        <checksum>https://raw.githubusercontent.com/nawo69/nawo69/master/addons.xml.md5</checksum>
        <datadir zip="true">https://raw.githubusercontent.com/nawo69/nawo69/master/</datadir>
    </extension>
    <extension point="xbmc.addon.metadata">
        <summary>popular addons</summary>
        <description>popular addons and repo</description>
        <disclaimer></disclaimer>
        <platform>all</platform>
    </extension>
</addon>