﻿<?xml version="1.0" encoding="UTF-8" standalone="yes"?>
<addon id="repository.tknorris.beta" name="zzz" version="1.0.7" provider-name="tknorris">
    <extension point="xbmc.addon.repository" name="tknorris beta testing repository">
        <info compressed="false">https://raw.githubusercontent.com/nawo69/nawo69backup/master/addons.xml</info>
        <checksum>https://raw.githubusercontent.com/nawo69/nawo69backup/master/addons.xml.md5</checksum>
        <datadir zip="true">https://raw.githubusercontent.com/nawo69/nawo69backup/master/</datadir>
    </extension>
    <extension point="xbmc.addon.metadata">
        <summary>This is used ONLY for beta testing</summary>
        <description>Beta testing only!!!
DO NOT INSTALL UNLESS YOU WISH TO PARTICIPATE IN BETA TESTING

Addons Included        	
    - 1Channel (Beta)
    - 1Channel Thempak
    - SALTS (Beta)
    - SALTS Themepak
    - Trakt (Beta)
    - Trakt List Manager (Alpha)
        </description>
        <platform>all</platform>
    </extension>
</addon>

