<?xml version="1.0" encoding="UTF-8"?>
    <addon id="repository.NJM Soccer" name="NJM Soccer Repo" version="0.1.0" provider-name="BaDg3R">
        <requires>
            <import addon="xbmc.addon" version="12.0.0"/>
        </requires>
        <extension point="xbmc.addon.repository" name="NJM Soccer Repo">
            <info compressed="false">http://repo.badgersftv.com/_/repo//addons.xml</info>
            <checksum>http://repo.badgersftv.com/_/repo//addons.xml.md5</checksum>
            <datadir zip="true">http://repo.badgersftv.com/_/repo/</datadir>
            <hashes>false</hashes>
        </extension>
        <extension point="xbmc.addon.metadata">
            <summary>Best Sporting Streams by NJM</summary>
            <description>All the Best addons for sporting streams by NJM Soccer</description>
            <platform>all</platform>
    </extension>
</addon>