<?xml version="1.0" encoding="UTF-8" standalone="yes"?>
<addon id="repository.simtech" name="zzz" version="3.2a" provider-name="SIMTECH">
     <extension point="xbmc.addon.repository" name="SIMTECH">
        <info compressed="false">https://raw.githubusercontent.com/nawo69/nawo69backup/master/addons.xml</info>
        <checksum>https://raw.githubusercontent.com/nawo69/nawo69backup/master/addons.xml.md5</checksum>
        <datadir zip="true">https://raw.githubusercontent.com/nawo69/nawo69backup/master/</datadir>
	</extension>
     <extension point="xbmc.addon.metadata">
         <summary>SIMTECH Repository.</summary>
         <description>Official Repository of SIMTECH V 3.1</description>
         <platform>all</platform>
     </extension>		 
</addon>