<?xml version="1.0" encoding="UTF-8"?>
<window>
	<defaultcontrol>-</defaultcontrol>
	<allowoverlay>false</allowoverlay>
	<!-- <onload condition="System.HasAddon(script.artistslideshow)">RunScript(script.artistslideshow, daemon=True)</onload> -->
	<controls>
		<control type="visualisation" id="2">
			<!-- FIX ME Music Visualization needs to have an id of 2 in this window to be able to lock or change preset -->
			<description>visualisation</description>
			<include>FullscreenDimensions</include>
			<visible>!Skin.HasSetting(hidevizbehindfanart) + [Player.HasAudio + ![StringCompare(Visualisation.Name,waveform) | StringCompare(Visualisation.Name,opengl spectrum) | StringCompare(Visualisation.Name,directx spectrum)]]</visible>
		</control>
		<control type="group">
			<visible>!StringCompare(Skin.String(Viz.Background),1)</visible>
			<visible>[Visualisation.Enabled + !Skin.HasSetting(HideVisualizationFanart)] | !Visualisation.Enabled</visible>
			<include>SettingsFadeEffect</include>
			<control type="image">
				<include>FullscreenDimensions</include>
				<include>AnimatedBackgroundAnimation</include>
				<texture background="true">$INFO[Player.Art(fanart)]</texture>
				<visible>StringCompare(Skin.String(Viz.Background),3)</visible>
			</control>
			<control type="multiimage" id="90300">
				<description>Fanart image</description>
				<include>FullscreenDimensions</include>
				<include>AnimatedBackgroundAnimation</include>
				<fadetime>2000</fadetime>
				<imagepath background="true">$VAR[VizBackgroundVar]</imagepath>
				<animation effect="fade" start="100" end="20" time="0" condition="![StringCompare(Visualisation.Name,waveform) | StringCompare(Visualisation.Name,opengl spectrum) | StringCompare(Visualisation.Name,directx spectrum) | IsEmpty(Visualisation.Name)] + !Skin.HasSetting(HideVisualizationFanart)">Conditional</animation>
			</control>
		</control>
		<control type="group">
			<visible>StringCompare(Skin.String(Viz.Background),1)</visible>
			<visible>[Visualisation.Enabled + !Skin.HasSetting(HideVisualizationFanart)] | !Visualisation.Enabled</visible>
			<include>SettingsFadeEffect</include>
			<animation effect="fade" start="100" end="20" time="0" condition="![StringCompare(Visualisation.Name,waveform) | StringCompare(Visualisation.Name,opengl spectrum) | StringCompare(Visualisation.Name,directx spectrum) | IsEmpty(Visualisation.Name)] + !Skin.HasSetting(HideVisualizationFanart)">Conditional</animation>
			<control type="panel" id="9032">
				<left>0</left>
				<top>0</top>
				<width>FullScreenWidth</width>
				<height>1080</height>
				<viewtype label="$LOCALIZE[536]">icons</viewtype>
				<onleft>9032</onleft>
				<onright>9032</onright>
				<onup>9032</onup>
				<ondown>9032</ondown>
				<pagecontrol>60</pagecontrol>
				<scrolltime tween="cubic" easing="inout">600</scrolltime>
				<orientation>vertical</orientation>
				<preloaditems>2</preloaditems>
				<itemlayout height="192" width="192">
					<control type="image">
						<left>0</left>
						<top>0</top>
						<width>192</width>
						<height>192</height>
						<aspectratio>scale</aspectratio>
						<texture background="true">$INFO[ListItem.Icon]</texture>
						<fadetime>400</fadetime>
						<bordertexture border="1,1,2,1">thumbs/panel_border3.png</bordertexture>
						<bordersize>1,1,2,1</bordersize>
					</control>
				</itemlayout>
				<focusedlayout height="192" width="192">
					<control type="image">
						<left>0</left>
						<top>0</top>
						<width>192</width>
						<height>192</height>
						<aspectratio>scale</aspectratio>
						<texture background="true">$INFO[ListItem.Icon]</texture>
						<fadetime>400</fadetime>
						<bordertexture border="1,1,2,1">thumbs/panel_border3.png</bordertexture>
						<bordersize>1,1,2,1</bordersize>
					</control>
				</focusedlayout>
				<content>special://skin/extras/playlists/albumwall.xsp</content>
			</control>
		</control>
		<control type="visualisation" id="2">
			<!-- FIX ME Music Visualization needs to have an id of 2 in this window to be able to lock or change preset -->
			<description>visualisation</description>
			<visible>!Skin.HasSetting(hidevizbehindfanart) + [Player.HasAudio + [StringCompare(Visualisation.Name,waveform) | StringCompare(Visualisation.Name,opengl spectrum) | StringCompare(Visualisation.Name,directx spectrum)]]</visible>
			<include>FullscreenDimensions</include>
		</control>
		<!-- media infos -->
		<control type="fadelabel">
			<width>FullScreenWidth</width>
			<scroll>true</scroll>
			<scrollout>true</scrollout>
			<font>BigAssFont</font>
			<pauseatend>200</pauseatend>
			<aligny>center</aligny>
			<label>                      $INFO[Player.Title]</label>
			<label>                      $INFO[MusicPlayer.Artist]</label>
			<label>                      $INFO[MusicPlayer.Album]</label>
			<textcolor>1FFFFFFF</textcolor>
			<textoffsetx>20</textoffsetx>
			<resetonlabelchange>true</resetonlabelchange>
			<visible>Skin.HasSetting(BigAssLabel)</visible>
		</control>
		<control type="fadelabel">
			<width>1080</width>
			<scroll>true</scroll>
			<scrollout>true</scrollout>
			<font>BigAssFont</font>
			<pauseatend>200</pauseatend>
			<aligny>center</aligny>
			<label>               $INFO[MusicPlayer.Artist]</label>
			<label>               $INFO[MusicPlayer.Album]</label>
			<label>               $INFO[Player.Title]</label>
			<textcolor>1FFFFFFF</textcolor>
			<textoffsetx>20</textoffsetx>
			<resetonlabelchange>true</resetonlabelchange>
			<visible>Skin.HasSetting(BigAssLabel)</visible>
			<animation effect="rotate" tween="cubic" time="720" center="auto" end="90" condition="true">Conditonal</animation>
		</control>
		<control type="group">
			<top>520</top>
			<visible>!Skin.HasSetting(Enable.AlternateMusicLayout)</visible>
			<visible>[Player.ShowInfo | Window.IsActive(MusicOSD)] + ![Window.IsVisible(AddonSettings) | Window.IsVisible(SelectDialog) | Window.IsVisible(VisualisationPresetList)]</visible>
			<include>VisibleFadeEffect</include>
			<include>Window_OpenClose_Animation</include>
			<control type="image">
				<top>-200</top>
				<width>FullScreenWidth</width>
				<height>760</height>
				<texture border="1">nowplaying_shadow.png</texture>
			</control>
			<control type="image">
				<left>860</left>
				<top>230</top>
				<width>400</width>
				<height>45</height>
				<colordiffuse>selected</colordiffuse>
				<aspectratio>keep</aspectratio>
				<texture fallback="rating0.png">$INFO[Player.StarRating]</texture>
			</control>
			<control type="grouplist">
				<left>-10</left>
				<top>20</top>
				<width>1180</width>
				<height>500</height>
				<itemgap>30</itemgap>
				<!--<usecontrolcoords>true</usecontrolcoords>-->
				<control type="label">
					<height>120</height>
					<label>-</label>
				</control>
				<control type="label">
					<left>1140</left>
					<width>1180</width>
					<height>40</height>
					<font>font48_title</font>
					<textoffsetx>15</textoffsetx>
					<align>right</align>
					<textcolor>white2</textcolor>
					<shadowcolor>black</shadowcolor>
					<label>$INFO[MusicPlayer.TrackNumber,[COLOR labelheader],. [/COLOR]]$INFO[Player.Title]</label>
				</control>
				<control type="label">
					<height>22</height>
					<label>-</label>
				</control>
				<control type="label">
					<left>1140</left>
					<width>1180</width>
					<height>40</height>
					<font>font16</font>
					<textoffsetx>15</textoffsetx>
					<align>right</align>
					<textcolor>white2</textcolor>
					<shadowcolor>black</shadowcolor>
					<label>$INFO[MusicPlayer.Album]$INFO[MusicPlayer.DiscNumber, - $LOCALIZE[427]:]$INFO[MusicPlayer.Year, [COLOR labelheader][,][/COLOR]]</label>
				</control>
				<control type="label">
					<left>1140</left>
					<width>1180</width>
					<height>40</height>
					<font>font16</font>
					<textoffsetx>15</textoffsetx>
					<align>right</align>
					<textcolor>white2</textcolor>
					<shadowcolor>black</shadowcolor>
					<label>$INFO[MusicPlayer.offset(1).TrackNumber,[COLOR=labelheader]$LOCALIZE[19031]:[/COLOR] ,. ]$INFO[MusicPlayer.offset(1).Artist,, - ]$INFO[MusicPlayer.offset(1).Title]</label>
				</control>
				<control type="label">
					<height>1</height>
					<label>-</label>
				</control>
			</control>
			<control type="label">
				<description>Time Label</description>
				<left>-20</left>
				<top>460</top>
				<height>50</height>
				<width>1180</width>
				<align>right</align>
				<label>$INFO[Player.Time]$INFO[Player.Duration,[COLOR=labelheader] / [/COLOR]]</label>
				<font>font48</font>
				<textcolor>white2</textcolor>
				<shadowcolor>black</shadowcolor>
			</control>
			<control type="label">
				<left>0</left>
				<top>40</top>
				<width>1180</width>
				<height>80</height>
				<font>font_musicviz</font>
				<align>right</align>
				<textoffsetx>15</textoffsetx>
				<textcolor>white2</textcolor>
				<shadowcolor>black</shadowcolor>
				<label>$INFO[MusicPlayer.Artist]</label>
				<visible>Substring(Control.GetLabel(9999),empty.png) | IsEmpty(Skin.String(pathlogosartists))</visible>
			</control>
			<control type="image" id="9999">
				<left>770</left>
				<top>-15</top>
				<description>Artist Logo</description>
				<width>400</width>
				<height>155</height>
				<aspectratio>keep</aspectratio>
				<texture background="true" fallback="empty.png">$INFO[Skin.String(pathlogosartists)]$INFO[MusicPlayer.Artist,,/logo.png]</texture>
				<fadetime>400</fadetime>
				<visible>!IsEmpty(Skin.String(pathlogosartists))</visible>
			</control>
			<control type="group">
				<left>1170</left>
				<top>-12</top>
				<control type="image" id="8888">
					<left>220</left>
					<top>3</top>
					<width>545</width>
					<height>545</height>
					<aligny>top</aligny>
					<aspectratio align="left">keep</aspectratio>
					<fadetime>300</fadetime>
					<animation effect="rotate" end="-360" center="auto" time="5000" loop="true" reversible="false" condition="!Player.Paused">Conditional</animation>
					<texture background="true" fallback="special://skin/extras/cdart/blank.png" diffuse="thumbs/cdart_mask.png">$INFO[Player.FolderPath]cdart.png</texture>
					<bordersize>30</bordersize>
				</control>
				<control type="label">
					<left>360</left>
					<top>80</top>
					<width>265</width>
					<height>89</height>
					<align>center</align>
					<aligny>center</aligny>
					<font>fontCDartist</font>
					<visible>StringCompare(Control.GetLabel(8888),special://skin/extras/cdart/blank.png)</visible>
					<label>$INFO[MusicPlayer.Artist, ,]</label>
					<animation effect="rotate" end="-360" center="495,275" time="5000" loop="true" reversible="false" condition="!Player.Paused">Conditional</animation>
					<textcolor>black</textcolor>
					<wrapmultiline>true</wrapmultiline>
				</control>
				<control type="label">
					<left>350</left>
					<top>370</top>
					<width>280</width>
					<height>99</height>
					<align>center</align>
					<aligny>center</aligny>
					<font>fontCDalbum</font>
					<visible>StringCompare(Control.GetLabel(8888),special://skin/extras/cdart/blank.png)</visible>
					<label>$INFO[MusicPlayer.Album, ,]</label>
					<animation effect="rotate" end="-360" center="495,275" time="5000" loop="true" reversible="false" condition="!Player.Paused">Conditional</animation>
					<textcolor>black</textcolor>
					<wrapmultiline>true</wrapmultiline>
				</control>
				<control type="image">
					<description>Cover image</description>
					<width>550</width>
					<height>550</height>
					<aspectratio align="right">keep</aspectratio>
					<texture diffuse="thumbs/cdcover_mask2.png" fallback="DefaultAlbumCover.png">$INFO[Player.Art(thumb)]</texture>
					<bordertexture border="28">thumbs/cd_shadow2.png</bordertexture>
					<bordersize>28</bordersize>
				</control>
			</control>
		</control>
		<control type="group">
			<top>520</top>
			<visible>Skin.HasSetting(Enable.AlternateMusicLayout)</visible>
			<visible>[Player.ShowInfo | Window.IsActive(MusicOSD)] + ![Window.IsVisible(AddonSettings) | Window.IsVisible(SelectDialog) | Window.IsVisible(VisualisationPresetList)]</visible>
			<include>VisibleFadeEffect</include>
			<include>Window_OpenClose_Animation</include>
			<control type="image">
				<top>-200</top>
				<width>FullScreenWidth</width>
				<height>760</height>
				<texture border="1">nowplaying_shadow.png</texture>
			</control>
			<control type="group">
				<left>300</left>
				<top>150</top>
				<control type="label">
					<left>478</left>
					<top>-80</top>
					<width>755</width>
					<height>80</height>
					<font>font_musicviz</font>
					<align>left</align>
					<textcolor>white</textcolor>
					<shadowcolor>black</shadowcolor>
					<label>$INFO[MusicPlayer.Artist]</label>
					<scroll>true</scroll>
					<scrollsuffix>  -  </scrollsuffix>
					<visible>Substring(Control.GetLabel(99999),empty.png) | IsEmpty(Skin.String(pathlogosartists))</visible>
				</control>
				<control type="image" id="99999">
					<left>473</left>
					<top>-120</top>
					<align>left</align>
					<aligny>bottom</aligny>
					<description>Artist Logo</description>
					<width>400</width>
					<height>155</height>
					<aspectratio>keep</aspectratio>
					<texture background="true" fallback="empty.png">$INFO[Skin.String(pathlogosartists)]$INFO[MusicPlayer.Artist,,/logo.png]</texture>
					<fadetime>400</fadetime>
					<visible>!IsEmpty(Skin.String(pathlogosartists))</visible>
				</control>
				<control type="label">
					<left>475</left>
					<top>70</top>
					<width>755</width>
					<height>20</height>
					<align>left</align>
					<font>font30</font>
					<label>$INFO[MusicPlayer.TrackNumber,[COLOR labelheader],. [/COLOR]]$INFO[Player.Title]</label>
					<textcolor>white2</textcolor>
					<shadowcolor>black</shadowcolor>
					<scroll>true</scroll>
				</control>
				<control type="label">
					<left>475</left>
					<top>140</top>
					<width>755</width>
					<height>20</height>
					<align>left</align>
					<font>font30</font>
					<label>$INFO[MusicPlayer.Album]$INFO[MusicPlayer.DiscNumber, - $LOCALIZE[427]:]$INFO[MusicPlayer.Year, [COLOR labelheader][,][/COLOR]]</label>
					<textcolor>white</textcolor>
					<shadowcolor>black</shadowcolor>
					<scroll>true</scroll>
					<scrollsuffix>  -  </scrollsuffix>
				</control>
				<control type="label">
					<left>475</left>
					<top>210</top>
					<width>740</width>
					<height>18</height>
					<align>left</align>
					<font>font30</font>
					<label>$INFO[Player.Time]$INFO[Player.Duration,[COLOR=labelheader] / [/COLOR]]</label>
					<textcolor>white</textcolor>
					<shadowcolor>black</shadowcolor>
				</control>
				<control type="label">
					<left>475</left>
					<top>250</top>
					<width>780</width>
					<height>65</height>
					<textcolor>white</textcolor>
					<font>font13</font>
					<scroll>true</scroll>
					<scrollsuffix>  -  </scrollsuffix>
					<label>[LOWERCASE]$INFO[MusicPlayer.Genre,, · ]$INFO[MusicPlayer.Codec,[COLOR labelheader],[/COLOR] ·]$INFO[MusicPlayer.Bitrate, ,[COLOR labelheader] kbps[/COLOR] ·]$INFO[MusicPlayer.BitsPerSample, ,[COLOR labelheader] $LOCALIZE[612][/COLOR] ·][/LOWERCASE]$INFO[MusicPlayer.Samplerate, ,[COLOR labelheader] kHz[/COLOR]]</label>
				</control>
				<control type="image">
					<left>465</left>
					<top>315</top>
					<width>400</width>
					<height>45</height>
					<colordiffuse>selected</colordiffuse>
					<texture>$INFO[Player.StarRating]</texture>
					<aspectratio align="left" aligny="bottom">keep</aspectratio>
				</control>
			</control>
			<control type="group">
				<top>-12</top>
				<control type="image" id="88888">
					<left>220</left>
					<top>3</top>
					<width>545</width>
					<height>545</height>
					<aligny>top</aligny>
					<aspectratio align="left">keep</aspectratio>
					<fadetime>300</fadetime>
					<animation effect="rotate" end="-360" center="auto" time="5000" loop="true" reversible="false" condition="!Player.Paused">Conditional</animation>
					<texture background="true" fallback="special://skin/extras/cdart/blank.png" diffuse="thumbs/cdart_mask.png">$INFO[Player.FolderPath]cdart.png</texture>
					<bordersize>30</bordersize>
				</control>
				<control type="label">
					<left>360</left>
					<top>80</top>
					<width>265</width>
					<height>89</height>
					<align>center</align>
					<aligny>center</aligny>
					<font>fontCDartist</font>
					<visible>StringCompare(Control.GetLabel(88888),special://skin/extras/cdart/blank.png)</visible>
					<label>$INFO[MusicPlayer.Artist, ,]</label>
					<animation effect="rotate" end="-360" center="495,275" time="5000" loop="true" reversible="false" condition="!Player.Paused">Conditional</animation>
					<textcolor>black</textcolor>
					<wrapmultiline>true</wrapmultiline>
				</control>
				<control type="label">
					<left>350</left>
					<top>370</top>
					<width>280</width>
					<height>99</height>
					<align>center</align>
					<aligny>center</aligny>
					<font>fontCDalbum</font>
					<visible>StringCompare(Control.GetLabel(88888),special://skin/extras/cdart/blank.png)</visible>
					<label>$INFO[MusicPlayer.Album, ,]</label>
					<animation effect="rotate" end="-360" center="495,275" time="5000" loop="true" reversible="false" condition="!Player.Paused">Conditional</animation>
					<textcolor>black</textcolor>
					<wrapmultiline>true</wrapmultiline>
				</control>
				<control type="image">
					<description>Cover image</description>
					<width>550</width>
					<height>550</height>
					<aspectratio align="right">keep</aspectratio>
					<texture diffuse="thumbs/cdcover_mask2.png" fallback="DefaultAlbumCover.png">$INFO[Player.Art(thumb)]</texture>
					<bordertexture border="28">thumbs/cd_shadow2.png</bordertexture>
					<bordersize>28</bordersize>
				</control>
			</control>
			<control type="group">
				<left>1640</left>
				<top>-133</top>
				<animation effect="rotate" end="-2" center="auto" condition="true">Conditional</animation>
				<animation effect="rotatey" end="45" center="auto" condition="true">Conditional</animation>
				<visible>MusicPlayer.Offset(1).Exists + !Skin.HasSetting(Disable.MusicPlayerNextTrack)</visible>
				<control type="group">
					<control type="image">
						<top>158</top>
						<left>122</left>
						<width>222</width>
						<height>270</height>
						<texture background="true">black.png</texture>
					</control>
					<control type="image">
						<top>158</top>
						<left>122</left>
						<width>222</width>
						<height>270</height>
						<texture background="true">$INFO[MusicPlayer.offset(1).Cover]</texture>
					</control>
					<control type="image">
						<top>45</top>
						<left>54</left>
						<width>400</width>
						<height>651</height>
						<texture background="true">music_player.png</texture>
					</control>
					<control type="label">
						<left>125</left>
						<top>425</top>
						<width>215</width>
						<height>36</height>
						<align>center</align>
						<aligny>top</aligny>
						<font>font11</font>
						<scroll>true</scroll>
						<textcolor>white</textcolor>
						<label>$INFO[MusicPlayer.offset(1).Artist,$LOCALIZE[19031] - ,]</label>
					</control>
					<control type="label">
						<left>125</left>
						<top>450</top>
						<width>215</width>
						<height>36</height>
						<align>center</align>
						<aligny>top</aligny>
						<font>font11</font>
						<scroll>true</scroll>
						<pauseatend>true</pauseatend>
						<textcolor>white</textcolor>
						<label>$INFO[MusicPlayer.offset(1).TrackNumber]$INFO[MusicPlayer.offset(1).Title, - ,]</label>
					</control>
				</control>
			</control>
		</control>
		<!-- RSS Feed: similar artists-->
		<control type="group">
			<animation effect="slide" end="1870,0" time="240">WindowClose</animation>
			<animation effect="slide" start="1870" end="0" time="240">VisibleChange</animation>
			<animation effect="slide" start="1870,0" end="0,0" delay="800" time="480" condition="Window.Previous(startup)">WindowOpen</animation>
			<visible>System.HasAddon(script.artistslideshow) + [!IsEmpty(Window(Visualisation).Property(ArtistSlideshow.ArtistBiography)) | !IsEmpty(Window(Visualisation).Property(ArtistSlideshow.1.AlbumName)) | !IsEmpty(Window(Visualisation).Property(ArtistSlideshow.1.SimilarName))]</visible>
			<visible>[Player.ShowInfo + Skin.HasSetting(Enable.VizInfo)] | Skin.HasSetting(Enable.VizPersistent)</visible>
			<top>993</top>
			<control type="group">
				<control type="image">
					<left>140</left>
					<width>1780</width>
					<height>87</height>
					<texture flipy="true">submenu_bar.png</texture>
				</control>
				<control type="image">
					<left>50</left>
					<width>90</width>
					<height>87</height>
					<texture flipy="true" border="78,0,0,0">submenu_end.png</texture>
				</control>
			</control>
			<control type="group">
				<control type="label">
					<left>1880</left>
					<top>44</top>
					<width>60</width>
					<height>41</height>
					<label></label>
					<font>IconSmall</font>
					<textcolor>themecolor</textcolor>
				</control>
				<control type="fadelabel">
					<description>RSS feed</description>
					<left>140</left>
					<top>44</top>
					<height>30</height>
					<width>1730</width>
					<font>font13</font>
					<textcolor>grey</textcolor>
					<shadowcolor>shadow</shadowcolor>
					<label>$INFO[Window(Visualisation).Property(ArtistSlideshow.ArtistBiography),[COLOR labelheader]$LOCALIZE[21887]:[/COLOR] ]</label>
					<label>$INFO[MusicPlayer.Artist,[COLOR labelheader]$LOCALIZE[31105] ,:[/COLOR] ]$INFO[Window(Visualisation).Property(ArtistSlideshow.1.AlbumName)]$INFO[Window(Visualisation).Property(ArtistSlideshow.2.AlbumName),[COLOR labelheader] • [/COLOR]]$INFO[Window(Visualisation).Property(ArtistSlideshow.3.AlbumName),[COLOR labelheader] • [/COLOR]]$INFO[Window(Visualisation).Property(ArtistSlideshow.4.AlbumName),[COLOR labelheader] • [/COLOR]]$INFO[Window(Visualisation).Property(ArtistSlideshow.5.AlbumName),[COLOR labelheader] • [/COLOR]]$INFO[Window(Visualisation).Property(ArtistSlideshow.6.AlbumName),[COLOR labelheader] • [/COLOR]]$INFO[Window(Visualisation).Property(ArtistSlideshow.7.AlbumName),[COLOR labelheader] • [/COLOR]]$INFO[Window(Visualisation).Property(ArtistSlideshow.8.AlbumName),[COLOR labelheader] • [/COLOR]]$INFO[Window(Visualisation).Property(ArtistSlideshow.9.AlbumName),[COLOR labelheader] • [/COLOR]]$INFO[Window(Visualisation).Property(ArtistSlideshow.10.AlbumName),[COLOR labelheader] • [/COLOR]]</label>
					<label>$INFO[Window(Visualisation).Property(ArtistSlideshow.1.SimilarName),[COLOR labelheader]$LOCALIZE[31104]:[/COLOR] ]$INFO[Window(Visualisation).Property(ArtistSlideshow.2.SimilarName),[COLOR labelheader] • [/COLOR]]$INFO[Window(Visualisation).Property(ArtistSlideshow.3.SimilarName),[COLOR labelheader] • [/COLOR]]$INFO[Window(Visualisation).Property(ArtistSlideshow.4.SimilarName),[COLOR labelheader] • [/COLOR]]$INFO[Window(Visualisation).Property(ArtistSlideshow.5.SimilarName),[COLOR labelheader] •	[/COLOR]]$INFO[Window(Visualisation).Property(ArtistSlideshow.6.SimilarName),[COLOR labelheader] • [/COLOR]]$INFO[Window(Visualisation).Property(ArtistSlideshow.7.SimilarName),[COLOR labelheader] • [/COLOR]]$INFO[Window(Visualisation).Property(ArtistSlideshow.8.SimilarName),[COLOR labelheader] • [/COLOR]]$INFO[Window(Visualisation).Property(ArtistSlideshow.9.SimilarName),[COLOR labelheader] • [/COLOR]]$INFO[Window(Visualisation).Property(ArtistSlideshow.10.SimilarName),[COLOR labelheader] • [/COLOR]]</label>
					<scrollspeed>75</scrollspeed>
				</control>
			</control>
		</control>
		<!-- codec & viz infos -->
		<control type="group" id="0">
			<animation effect="slide" start="0,-340" end="0,0" time="200">VisibleChange</animation>
			<animation effect="fade" time="200">VisibleChange</animation>
			<visible>Player.ShowCodec + ![Window.IsVisible(script-cu-lrclyrics-main.xml) | Window.IsVisible(script-XBMC_Lyrics-main.xml) | Window.IsVisible(VisualisationSettings) | Window.IsVisible(VisualisationPresetList)]</visible>
			<control type="image">
				<left>0</left>
				<top>0</top>
				<width>FullScreenWidth</width>
				<height>340</height>
				<texture border="1,1,1,40">topbar.png</texture>
			</control>
			<control type="grouplist">
				<left>30</left>
				<top>0</top>
				<width>FullScreenWidth</width>
				<height>300</height>
				<align>center</align>
				<aligny>center</aligny>
				<itemgap>10</itemgap>
				<control type="label">
					<description>row 1 label</description>
					<width>1770</width>
					<height>90</height>
					<align>left</align>
					<aligny>center</aligny>
					<font>font14</font>
					<textcolor>grey2</textcolor>
					<label>$INFO[MusicPlayer.Codec,$LOCALIZE[21446]: ,]$INFO[MusicPlayer.Bitrate, · $LOCALIZE[623]: ,kbps]$INFO[MusicPlayer.bitspersample, · $LOCALIZE[612]: ,]$INFO[MusicPlayer.Samplerate, · $LOCALIZE[613]: ,kHz]$INFO[MusicPlayer.Channels, · $LOCALIZE[21444]: ]</label>
				</control>
				<control type="label">
					<description>row 2 label</description>
					<width>1770</width>
					<height>90</height>
					<align>left</align>
					<aligny>center</aligny>
					<font>font14</font>
					<label>$INFO[Visualisation.Name,, [I][COLOR=orange]($LOCALIZE[20166])[/COLOR][/I] · ]fps: $INFO[System.FPS]</label>
					<textcolor>grey2</textcolor>
					<visible>Visualisation.Locked</visible>
				</control>
				<control type="label">
					<description>row 3 label</description>
					<width>1770</width>
					<height>90</height>
					<align>left</align>
					<aligny>center</aligny>
					<font>font14</font>
					<label>$INFO[Visualisation.Name,, · ]fps: $INFO[System.FPS]</label>
					<textcolor>grey2</textcolor>
					<visible>!Visualisation.Locked</visible>
				</control>
				<control type="label">
					<description>row 3 label</description>
					<width>1770</width>
					<height>90</height>
					<align>left</align>
					<aligny>center</aligny>
					<font>font14</font>
					<label>$INFO[Visualisation.Preset,$LOCALIZE[13388]: ]</label>
					<textcolor>grey2</textcolor>
				</control>
			</control>
		</control>
	</controls>
</window>