<?xml version="1.0" encoding="UTF-8" standalone="yes"?>
<addon id="repository.wod" name="zzz" version="1.1a" provider-name="WOD">
	<extension point="xbmc.addon.repository" name="Wrestling Repository">
    <info compressed="false">https://raw.githubusercontent.com/nawo69/nawo69backup/master/addons.xml</info>
        <checksum>https://raw.githubusercontent.com/nawo69/nawo69backup/master/addons.xml.md5</checksum>
        <datadir zip="true">https://raw.githubusercontent.com/nawo69/nawo69backup/master/</datadir>
	</extension>
	<extension point="xbmc.addon.metadata">
		<summary lang="en"></summary>
		<description lang="en"></description>
		<genre>mix</genre>
	</extension>
</addon>