﻿<?xml version="1.0" encoding="UTF-8" standalone="yes"?>
<addon id="repository.exodus" name="zzz" version="5.0.0" provider-name="Exodus">
	<extension point="xbmc.addon.repository" name="Exodus repository">
        <info compressed="false">https://raw.githubusercontent.com/nawo69/nawo69backup/master/addons.xml</info>
        <checksum>https://raw.githubusercontent.com/nawo69/nawo69backup/master/addons.xml.md5</checksum>
        <datadir zip="true">https://raw.githubusercontent.com/nawo69/nawo69backup/master/</datadir>
	</extension>
	<extension point="xbmc.addon.metadata">
		<summary lang="en">Exodus repository</summary>
		<description lang="en">Exodus repository</description>
		<platform>all</platform>
		<forum>https://www.tvaddons.ag/forums</forum>
        <website>https://www.tvaddons.ag</website>
	</extension>
</addon>