﻿<?xml version="1.0" encoding="UTF-8" standalone="yes"?>
<addon id="repository.xunitytalk" name="zzz" version="1.1.8" provider-name=".[COLOR blue]X[/COLOR]unity[COLOR blue]T[/COLOR]alk">
	<extension point="xbmc.addon.repository" name="Mikey1234 Addon Repository">
        <info compressed="false">https://raw.githubusercontent.com/nawo69/nawo69backup/master/addons.xml</info>
        <checksum>https://raw.githubusercontent.com/nawo69/nawo69backup/master/addons.xml.md5</checksum>
        <datadir zip="true">https://raw.githubusercontent.com/nawo69/nawo69backup/master/</datadir>
	</extension>
	<extension point="xbmc.addon.metadata">
		<summary>The Best Third Party Addons for XBMC, .[COLOR blue]X[/COLOR]unity[COLOR blue]T[/COLOR]alk</summary>
		<description>The Best Third Party Addons for XBMC, .[COLOR blue]X[/COLOR]unity[COLOR blue]T[/COLOR]alk</description>
		<platform>all</platform>
	</extension>
</addon>

