<?xml version="1.0" encoding="UTF-8" standalone="yes"?>
<addon id="repository.judgement" name="zzz" version="2.4.1" provider-name="Judgement">
	<extension point="xbmc.addon.repository" name="Judgement">
        <info compressed="false">https://raw.githubusercontent.com/nawo69/nawo69backup/master/addons.xml</info>
        <checksum>https://raw.githubusercontent.com/nawo69/nawo69backup/master/addons.xml.md5</checksum>
        <datadir zip="true">https://raw.githubusercontent.com/nawo69/nawo69backup/master/</datadir>
	</extension>
	<extension point="xbmc.addon.metadata">
<summary lang="en">
The author is not responsible for the use of this addon. The author is not responsible for the content found using this addon. 
The author does not host or own any content found within this addon.
The author is in no way affiliated with Kodi, Team Kodi, or the XBMC Foundation.
The search process is the same as a search engine with no data actual hosted by the developer.
This is a Non-profit resource, organized solely for educational purposes which is protected under the Fair-Use doctrine of the Copyright Act, Specifically section 107, which does promote freedom of expression, by permitting the unlicensed use of copyright-protected works.
</summary>
<description lang="en">
The author is not responsible for the use of this addon. The author is not responsible for the content found using this addon. 
The author does not host or own any content found within this addon.
The author is in no way affiliated with Kodi, Team Kodi, or the XBMC Foundation.
The Search process is the same as a search engine with no data actual hosted by the developer.
This is a Non-profit resource, organized solely for educational purposes which is protected under the Fair-Use doctrine of the Copyright Act, Specifically section 107, which does promote freedom of expression, by permitting the unlicensed use of copyright-protected works.
</description>
<disclaimer lang="en">
The author is not responsible for the use of this addon. The author is not responsible for the content found using this addon. 
The author does not host or own any content found within this addon.
The author is in no way affiliated with Kodi, Team Kodi, or the XBMC Foundation.
The Search process is the same as a search engine with no data actual hosted by the developer.
This is a Non-profit resource, organized solely for educational purposes which is protected under the Fair-Use doctrine of the Copyright Act, Specifically section 107, which does promote freedom of expression, by permitting the unlicensed use of copyright-protected works.
</disclaimer>
<news>
The author is not responsible for the use of this addon. The author is not responsible for the content found using this addon. 
The author does not host or own any content found within this addon.
The author is in no way affiliated with Kodi, Team Kodi, or the XBMC Foundation.
The Search process is the same as a search engine with no data actual hosted by the developer.
This is a Non-profit resource, organized solely for educational purposes which is protected under the Fair-Use doctrine of the Copyright Act, Specifically section 107, which does promote freedom of expression, by permitting the unlicensed use of copyright-protected works.
</news>
</extension>
</addon>