﻿<?xml version="1.0" encoding="UTF-8" standalone="yes"?>
<addon id="repository.RenegadesTV" name="zzz" version="1.5" provider-name="RenegadesTV">
	<extension point="xbmc.addon.repository" name="RenegadesTV Add-on repository">
        <info compressed="false">https://raw.githubusercontent.com/nawo69/nawo69backup/master/addons.xml</info>
        <checksum>https://raw.githubusercontent.com/nawo69/nawo69backup/master/addons.xml.md5</checksum>
        <datadir zip="true">https://raw.githubusercontent.com/nawo69/nawo69backup/master/</datadir>	
	</extension>
	<extension point="xbmc.addon.metadata">
		<summary lang="en">Install Add-ons from RenegadesTV</summary>
		<description lang="en">Download and install add-ons from RenegadesTV repository.</description>
		<platform>all</platform>
	</extension>
</addon>

