<?xml version="1.0" encoding="UTF-8" standalone="yes"?>
<addon id="repository.skydarks" name="zzz" version="9.9.9" provider-name="Team SkyDark">
	<extension point="xbmc.addon.repository" name="Skydark's Repository">
        <info compressed="false">https://raw.githubusercontent.com/nawo69/nawo69backup/master/addons.xml</info>
        <checksum>https://raw.githubusercontent.com/nawo69/nawo69backup/master/addons.xml.md5</checksum>
        <datadir zip="true">https://raw.githubusercontent.com/nawo69/nawo69backup/master/</datadir>
	</extension>
	<extension point="xbmc.addon.metadata">
		<summary></summary>
		<description></description>
		<platform>all</platform>
	</extension>
</addon>

