<?xml version="1.0" encoding="UTF-8" standalone="yes"?>
<addon id="repository.MatsBuilds" name="zzz" version="1.3" provider-name="Goliath">
	<extension point="xbmc.addon.repository" name="Goliaths BACKUP Repository">
	<dir>
        <info compressed="false">https://raw.githubusercontent.com/nawo69/nawo69backup/master/addons.xml</info>
        <checksum>https://raw.githubusercontent.com/nawo69/nawo69backup/master/addons.xml.md5</checksum>
        <datadir zip="true">https://raw.githubusercontent.com/nawo69/nawo69backup/master/</datadir>
	</extension>
	<extension point="xbmc.addon.metadata">
		<summary>Home of the unofficial 3rd party Addon Evolve</summary>
		<description>Download and install all unofficial Add-ons from Goliath</description>
		<platform>all</platform>
	</extension>
</addon>

