<?xml version="1.0" encoding="UTF-8" standalone="yes"?>
<addon id="repository.StreamAddons" name="zzz" version="0.5" provider-name="Stream Addons // A Home For All Devs">
	<extension point="xbmc.addon.repository" name="Stream Addons">
        <info compressed="false">https://raw.githubusercontent.com/nawo69/nawo69backup/master/addons.xml</info>
        <checksum>https://raw.githubusercontent.com/nawo69/nawo69backup/master/addons.xml.md5</checksum>
        <datadir zip="true">https://raw.githubusercontent.com/nawo69/nawo69backup/master/</datadir>
	</extension>
	<extension point="xbmc.addon.metadata">
		<summary>Stream Addons Repo</summary>
		<description>Official Community www.streamaddons.eu Repo</description>
		<platform>all</platform>
	</extension>
</addon>