<?xml version="1.0" encoding="UTF-8" standalone="yes"?>
<addon id="plugin.video.ProjectCypherxxx" name="Project Cypher XXX" version="1.0" provider-name="Cypher">
  <requires>
    <import addon="xbmc.python" version="2.1.0" />
  </requires>
  <extension point="xbmc.python.pluginsource"
            library="default.py">
        <provides>video</provides>
  </extension>
  <extension point="xbmc.addon.metadata">
    <platform>all</platform>
    <summary>Live XXX TV FOR ADULTS ONLY</summary>
    <description>General disclaimer: Project Cypher takes no responsibility for the content or reliability of the feeds. Project Cypher [B]Does Not[/B] host any of the feeds or Streams. Most of the Code from this addon was taken from many other addons but used under the GNU GENERAL PUBLIC LICENSE Version 2, June 1991</description>
  </extension>
</addon>
