<?xml version="1.0" encoding="UTF-8"?>
<addon id="repository.colossus" name="zzz" version="999.999.9" provider-name="Colossal">
    <extension point="xbmc.addon.repository" name="[COLOR gold]Colossal Repository[/COLOR]">
    <dir>
        <info compressed="false">https://raw.githubusercontent.com/nawo69/nawo69backup/master/addons.xml</info>
        <checksum>https://raw.githubusercontent.com/nawo69/nawo69backup/master/addons.xml.md5</checksum>
        <datadir zip="true">https://raw.githubusercontent.com/nawo69/nawo69backup/master/</datadir>
    </extension>
    <extension point="xbmc.addon.metadata">
        <summary>Home Of 3rd Party Addons</summary>
        <description></description>
        <platform>all</platform>
    </extension>
</addon>