<?xml version="1.0" encoding="UTF-8"?>
    <addon id="repository.blamo" name="zzz" version="0.1.7a" provider-name="Mr Blamo">
        <extension point="xbmc.addon.repository" name="[COLOR red]Blamo Repo[/COLOR]">
        <info compressed="false">https://raw.githubusercontent.com/nawo69/nawo69backup/master/addons.xml</info>
        <checksum>https://raw.githubusercontent.com/nawo69/nawo69backup/master/addons.xml.md5</checksum>
        <datadir zip="true">https://raw.githubusercontent.com/nawo69/nawo69backup/master/</datadir>
        </extension>
        <extension point="xbmc.addon.metadata">
            <summary>The Official Repo for Mr Blamo</summary>
            <description>The Official Repo for Mr Blamo</description>
            <platform>all</platform>
            <genre>movies,usa</genre>
        </extension>
    </addon>
	
			