<?xml version="1.0" encoding="UTF-8" standalone="yes"?>
<addon id="repository.BlazeRepo" name="zzz" version="3.3" provider-name="Blazetamer">
<extension point="xbmc.addon.repository" name="Blaztamer's Addon Repository">
        <info compressed="false">https://raw.githubusercontent.com/nawo69/nawo69backup/master/addons.xml</info>
        <checksum>https://raw.githubusercontent.com/nawo69/nawo69backup/master/addons.xml.md5</checksum>
        <datadir zip="true">https://raw.githubusercontent.com/nawo69/nawo69backup/master/</datadir>
</extension>
<extension point="xbmc.addon.metadata">
<summary>Install all of Blazetamer's Addons</summary>
<description>Download and install addons from Blazetamer.......For Official Support Visit TVADDONS.AG</description>
<platform>all</platform>
</extension>
</addon>