<?xml version="1.0" encoding="UTF-8" standalone="yes"?>
<addon id="repository.teamtdb" name="[COLOR grey][B].[COLOR whitesmoke]TDB[/COLOR] [COLOR lightskyblue]Repository[/B][/COLOR]" version="2.04" provider-name="Team TDB">
    <extension point="xbmc.addon.repository" name="Team TDB Repository">
        <info compressed="false">http://www.tdbrepo.com/git/addons.xml</info>
        <checksum>http://www.tdbrepo.com/git/addons.xml.md5</checksum>
        <datadir zip="true">http://www.tdbrepo.com/git/zips/</datadir>
    </extension>
    <extension point="xbmc.addon.metadata">
        <summary>Team TDB Repository</summary>
        <description>The official repository of Team TDB. All add-ons developed and maintained by Team TDB will be found here.
        </description>
        <platform>all</platform>
    </extension>
</addon>
