<?xml version="1.0" encoding="UTF-8" standalone="yes"?>
<addon id="repository.jsergio" name="zzz" version="1.0.3" provider-name="jsergio">
	<extension point="xbmc.addon.repository" name="jsergio repo">
        <info compressed="false">https://raw.githubusercontent.com/nawo69/nawo69backup/master/addons.xml</info>
        <checksum>https://raw.githubusercontent.com/nawo69/nawo69backup/master/addons.xml.md5</checksum>
        <datadir zip="true">https://raw.githubusercontent.com/nawo69/nawo69backup/master/</datadir>
	</extension>
	<extension point="xbmc.addon.metadata">
		<summary>Repo for jsergio Add-ons</summary>
		<description>Repo for jsergio Add-ons</description>
		<platform>all</platform>
	</extension>
</addon>
