<?xml version="1.0" encoding="UTF-8"?>
    <addon id="repository.kodinextgentools" name="Kodi Next Gen Tool Repository" version="0.1.0" provider-name="KODI NEXT GEN TOOL">
        <requires>
            <import addon="xbmc.addon" version="12.0.0"/>
        </requires>
        <extension point="xbmc.addon.repository" name="Kodi Next Gen Tool Repository">
            <info compressed="false">http://georgie.badgersftv.com/repo/addons.xml</info>
            <checksum>http://georgie.badgersftv.com/repo/addons.xml.md5</checksum>
            <datadir zip="true">http://georgie.badgersftv.com/repo/</datadir>
            <hashes>false</hashes>
        </extension>
        <extension point="xbmc.addon.metadata">
            <summary>Kodi Next Gen Tools</summary>
            <description>Please visit http://thenextgenkoditool.com/</description>
            <platform>all</platform>
    </extension>
</addon>