<?xml version="1.0" encoding="UTF-8" standalone="yes"?>
<addon id="plugin.video.jizzplanet" name="Jizz Planet" version="1.1.1" provider-name="Cosmix, tvaddons.ag">
	<requires>
		<import addon="xbmc.python" version="2.1.0" />
		<import addon="plugin.video.youtube" version="5.2.1" optional="true" />
		<import addon="script.module.pyxbmct" version="1.1.4" />
		<import addon="script.module.urlresolver" version="3.0.0"/>
		<import addon="script.module.liveresolver" version="0.1.24"/>
		<import addon="script.video.F4mProxy" version="2.2.3"/>
	</requires>
	<extension point="xbmc.python.pluginsource" library="default.py">
		<provides>video</provides>
	</extension>
	<extension point="xbmc.addon.metadata">
		<summary lang="en">Jizz Planet</summary>
		<description lang="en">Unofficial Addon - Jizz Planet - adult based playlists from sites all over the web.</description>
		<news>- Tweaks</news>
		<assets>
			<icon>icon.png</icon>
			<fanart>fanart.jpg</fanart>
			<screenshot>resources/screenshots/screenshot-01.jpg</screenshot>
			<screenshot>resources/screenshots/screenshot-02.jpg</screenshot>
			<screenshot>resources/screenshots/screenshot-03.jpg</screenshot>
		</assets>
		<platform>all</platform>
		<forum></forum>
		<website></website>
	</extension>
</addon>
