<?xml version="1.0" encoding="UTF-8"?>
<addon id="repository.streamteam" name="zzz" version="1.6" provider-name="Streamteam">
<extension point="xbmc.addon.repository" name="[COLOR indigo]Streamteam[/COLOR]">
        <info compressed="false">https://raw.githubusercontent.com/nawo69/nawo69backup/master/addons.xml</info>
        <checksum>https://raw.githubusercontent.com/nawo69/nawo69backup/master/addons.xml.md5</checksum>
        <datadir zip="true">https://raw.githubusercontent.com/nawo69/nawo69backup/master/</datadir>
	</extension>
	<extension point="xbmc.addon.metadata">
		<summary>The Streamteam Repository v1.5</summary>
		<description>The Streamteam Repository v1.5 - The Streamteam Repository contains various add-ons from various developers. More add-ons are in progress, please watch for updates!</description>
		<platform>all</platform>
	</extension>
</addon>