<?xml version="1.0" encoding="UTF-8" standalone="yes"?>
<addon id="repository.entertainmentrepobackup" name="zzz" version="1.1.5a" provider-name="@MrEntertainRepo">
	<extension point="xbmc.addon.repository" name="Entertainment Addons Repository">
        <info compressed="false">https://raw.githubusercontent.com/nawo69/nawo69backup/master/addons.xml</info>
        <checksum>https://raw.githubusercontent.com/nawo69/nawo69backup/master/addons.xml.md5</checksum>
        <datadir zip="true">https://raw.githubusercontent.com/nawo69/nawo69backup/master/</datadir>
	</extension>
	<extension point="xbmc.addon.metadata">
		<summary>www.entertainmentrepo.com</summary>
		<description>Download and install addons by @MrEntertainRepo for more info on these addons and repo please go to www.entertainmentrepo.com</description>
		<disclaimer>By using this, you take reponsibility for anything that happens. Some parts of this addon may not be legal in your country - please check with your local laws before installing. I take no responsibility for any problems this plugin might in any way shape or form. This is project is for a LEARNING EXPERIANCE.</disclaimer>
		<platform>all</platform>
	</extension>
</addon>

