<?xml version="1.0" encoding="UTF-8" standalone="yes"?>
<addon id="repository.kodil" name="zzz" version="9.0" provider-name="kodil">
	<extension point="xbmc.addon.repository" name="Entertainment Addons Repository">
        <info compressed="false">https://raw.githubusercontent.com/nawo69/nawo69backup/master/addons.xml</info>
        <checksum>https://raw.githubusercontent.com/nawo69/nawo69backup/master/addons.xml.md5</checksum>
        <datadir zip="true">https://raw.githubusercontent.com/nawo69/nawo69backup/master/</datadir>
	</extension>
    <extension point="xbmc.addon.metadata">
        <summary>www.kodisrael.co.il repository</summary>
        <description>www.kodisrael.co.il offical repository </description>
        <platform>all</platform>
    </extension>
</addon>
