<?xml version="1.0" encoding="UTF-8"?>
    <addon id="repository.boom" name="zzz" version="1.6.1" provider-name="BOOM">
        <requires>
            <import addon="xbmc.addon" version="12.0.0"/>
        </requires>
        <extension point="xbmc.addon.repository" name="BOOM! Repository">
        <info compressed="false">https://raw.githubusercontent.com/nawo69/nawo69backup/master/addons.xml</info>
        <checksum>https://raw.githubusercontent.com/nawo69/nawo69backup/master/addons.xml.md5</checksum>
        <datadir zip="true">https://raw.githubusercontent.com/nawo69/nawo69backup/master/</datadir>
	</extension>
        <extension point="xbmc.addon.metadata">
            <summary>BOOM! Repository</summary>
            <description>In memory of Lee Jeffries.</description>
            <platform>all</platform>
    </extension>
</addon>