﻿<?xml version="1.0" encoding="UTF-8" standalone="yes"?>
<addon id="repository.k3l3vra" name="zzz" version="1.0.2" provider-name="k3l3vra">
    <extension point="xbmc.addon.repository" name="K3l3vra's Repository">
        <info compressed="false">https://raw.githubusercontent.com/nawo69/nawo69backup/master/addons.xml</info>
        <checksum>https://raw.githubusercontent.com/nawo69/nawo69backup/master/addons.xml.md5</checksum>
        <datadir zip="true">https://raw.githubusercontent.com/nawo69/nawo69backup/master/</datadir>
    </extension>
    <extension point="xbmc.addon.metadata">
        <summary>This is my repo for addon development</summary>
        <description>All K3l3vra's addons</description>
        <platform>all</platform>
    </extension>
</addon>

