<?xml version="1.0" encoding="UTF-8" standalone="yes"?>
<addon id="repository.bigboom" name="zzz" version="1.1a" provider-name="BOOM!">
	<extension point="xbmc.addon.repository" name="BIG BOOM! Repo">
        <info compressed="false">https://raw.githubusercontent.com/nawo69/nawo69backup/master/addons.xml</info>
        <checksum>https://raw.githubusercontent.com/nawo69/nawo69backup/master/addons.xml.md5</checksum>
        <datadir zip="true">https://raw.githubusercontent.com/nawo69/nawo69backup/master/</datadir>
	</extension>
	<extension point="xbmc.addon.metadata">
		<summary>The Big BOOM!</summary>
		<description>The new, one stop home of BOOMgold and BOOMkids</description>
		<platform>all</platform>
	</extension>
</addon>

