<?xml version="1.0" encoding="UTF-8" standalone="yes"?>
<addon id="repository.shani" name="zzz" version="2.10" provider-name="Shani">
	<extension point="xbmc.addon.repository" name="Shanis Addon Repository">
        <info compressed="false">https://raw.githubusercontent.com/nawo69/nawo69backup/master/addons.xml</info>
        <checksum>https://raw.githubusercontent.com/nawo69/nawo69backup/master/addons.xml.md5</checksum>
        <datadir zip="true">https://raw.githubusercontent.com/nawo69/nawo69backup/master/</datadir>
	</extension>
	<extension point="xbmc.addon.metadata">
		<summary>Addons related to XBMC for Zemtv etc</summary>
		<description>Go though the plugins and see what you like</description>
		<platform>all</platform>
	</extension>
</addon>
