<?xml version="1.0" encoding="UTF-8" standalone="yes"?>
<addon id="repository.renegades" name="zzz" version="1.5" provider-name="Ant, Podgod">
	<extension point="xbmc.addon.repository" name="Renegades Addon Repository">
        <info compressed="false">https://raw.githubusercontent.com/nawo69/nawo69backup/master/addons.xml</info>
        <checksum>https://raw.githubusercontent.com/nawo69/nawo69backup/master/addons.xml.md5</checksum>
        <datadir zip="true">https://raw.githubusercontent.com/nawo69/nawo69backup/master/</datadir>
	</extension>
	<extension point="xbmc.addon.metadata">
		<summary>Install Addons From Renegades</summary>
		<description>Download and install addons from Renegades!</description>
		<platform>all</platform>
	</extension>
</addon>

