﻿<?xml version="1.0" encoding="UTF-8" standalone="yes"?>
<addon id="repository.smash" name="Smash repository" version="1.0.1" provider-name="SMASH">
	<extension point="xbmc.addon.repository" name="Smash repository">
	<dir>
        <info compressed="false">https://mediarepos.net/Repos/smashrepo/addons.xml</info>
        <checksum>https://mediarepos.net/Repos/smashrepo/addons.xml.md5</checksum>
        <datadir zip="true">https://mediarepos.net/Repos/smashrepo/</datadir>
	</dir>
	</extension>
	<extension point="xbmc.addon.metadata">
		<summary lang="en">Smash Repo Keeps You Up To Date</summary>
		<description lang="en">Under This Repo, I Will Host Addons With No Home,Bring Life To Dead Addons That Fully Work, Link To Repos From Devs (This will install current version the Dev Has) </description>
		<platform>all</platform>
		<forum></forum>
        <website></website>
	</extension>
</addon>