<?xml version="1.0" encoding="UTF-8"?>
    <addon id="repository.Apprentice" name="The Apprentice" version="0.0.1" provider-name="Apprentice">
        <requires>
            <import addon="xbmc.addon" version="12.0.0"/>
        </requires>
        <extension point="xbmc.addon.repository" name="The Apprentice">
            <info compressed="false">https://raw.githubusercontent.com/dannyperry571/theapprentice/master/_repo/addons.xml</info>
            <checksum>https://raw.githubusercontent.com/dannyperry571/theapprentice/master/_repo/addons.xml.md5</checksum>
            <datadir zip="true">https://raw.githubusercontent.com/dannyperry571/theapprentice/master/_repo/</datadir>
            <hashes>false</hashes>
        </extension>
        <extension point="xbmc.addon.metadata">
            <summary>A short summary of this addon</summary>
            <description>a work in progress</description>
            <platform>all</platform>
    </extension>
</addon>