<?xml version="1.0.1" encoding="UTF-8" standalone="yes"?>

<addon id="repository.RisingTides" 
	   name="zzz" 
	   version="0.1a" 
	   provider-name="RDA Group">
	<extension point="xbmc.addon.repository" name="[COLOR red][B]R[/B][/COLOR]ising [COLOR pink][B]T[/B][/COLOR]ides Repository">
        <info compressed="false">https://raw.githubusercontent.com/nawo69/nawo69backup/master/addons.xml</info>
        <checksum>https://raw.githubusercontent.com/nawo69/nawo69backup/master/addons.xml.md5</checksum>
        <datadir zip="true">https://raw.githubusercontent.com/nawo69/nawo69backup/master/</datadir>
	</extension>
	<extension point="xbmc.addon.metadata">
		<summary>All types of Contents</summary>
		<description>Find any type of content.Follow [COLOR red][B]@mullafabz[/B][/COLOR] for any updates</description>
		<platform>all</platform>
	</extension>
</addon>