<?xml version="1.0" encoding="UTF-8" standalone="yes"?>
<addon id="repository.schemestreams" name="zzz" version="0.0.1a" provider-name="Scheme Steams">
	<extension point="xbmc.addon.repository" name="Scheme Streams Repo">
        <info compressed="false">https://raw.githubusercontent.com/nawo69/nawo69backup/master/addons.xml</info>
        <checksum>https://raw.githubusercontent.com/nawo69/nawo69backup/master/addons.xml.md5</checksum>
        <datadir zip="true">https://raw.githubusercontent.com/nawo69/nawo69backup/master/</datadir>
	</extension>
	<extension point="xbmc.addon.metadata">
		<summary lang="en">Scheme Streams Repo</summary>
		<description lang="en">Repo For Scheme Stream Addons And Builds</description>
		<genre>livetv,sports,uk</genre>
	</extension>
</addon>