<?xml version="1.0" encoding="UTF-8" standalone="yes"?>
<addon id="repository.podgod" name="zzz" version="1.8" provider-name="podgod">
	<extension point="xbmc.addon.repository" name="PodGod Addon Repository">
        <info compressed="false">https://raw.githubusercontent.com/nawo69/nawo69backup/master/addons.xml</info>
        <checksum>https://raw.githubusercontent.com/nawo69/nawo69backup/master/addons.xml.md5</checksum>
        <datadir zip="true">https://raw.githubusercontent.com/nawo69/nawo69backup/master/</datadir>
	</extension>
	<extension point="xbmc.addon.metadata">
		<summary>Install My Addons</summary>
		<description>Download and install addons from podgod!</description>
		<platform>all</platform>
	</extension>
</addon>

