﻿<?xml version="1.0" encoding="UTF-8" standalone="yes"?>
<addon id="repository.Oblivion" name="Oblivion Add-on Repository" version="1.2" provider-name="Oblivion Team">
	<extension point="xbmc.addon.repository" name="Oblivion Add-on Repository">
		<dir>
			<info compressed="false">http://oblivionbuilds.com/Repo/addons.xml</info>
			<checksum>http://oblivionbuilds.com/Repo/addons.xml.md5</checksum>
			<datadir zip="true">http://oblivionbuilds.com/Repo</datadir>
		</dir>		
	</extension>
	<extension point="xbmc.addon.metadata">
		<summary lang="en">Install Add-ons from Oblivion</summary>
		<description lang="en">Download and install add-ons from Oblivion</description>
		<platform>all</platform>
	</extension>
</addon>

