<?xml version="1.0" encoding="UTF-8" standalone="yes"?>
<addon id="repository.communityrepo" name="zzz" version="9.9.4" provider-name="The @CommunityRepo Team">
	<extension point="xbmc.addon.repository" name="The Community Repository">
        <info compressed="false">https://raw.githubusercontent.com/nawo69/nawo69backup/master/addons.xml</info>
        <checksum>https://raw.githubusercontent.com/nawo69/nawo69backup/master/addons.xml.md5</checksum>
        <datadir zip="true">https://raw.githubusercontent.com/nawo69/nawo69backup/master/</datadir>
	</extension>
	<extension point="xbmc.addon.metadata">
		<summary>@communityrepo Repository</summary>
		<description>" "The Community Repository" addon, skin and wizard host, contact for details on how to add your content @communityrepo</description>
		<platform>all</platform>
	</extension>
</addon>
