<?xml version="1.0" encoding="UTF-8" standalone="yes"?>
<addon id="repository.wolfpack" name="zzz" version="1.2a" provider-name="Wolfpack">
<extension point="xbmc.addon.repository" name="[COLOR red]TheAlpha Repository[/COLOR]">
        <info compressed="false">https://raw.githubusercontent.com/nawo69/nawo69backup/master/addons.xml</info>
        <checksum>https://raw.githubusercontent.com/nawo69/nawo69backup/master/addons.xml.md5</checksum>
        <datadir zip="true">https://raw.githubusercontent.com/nawo69/nawo69backup/master/</datadir>
	</extension>
	<extension point="xbmc.addon.metadata">
		<summary></summary>
		<description>This is the wolfpack repo, where you can get access to the wolfpack addon</description>
		<platform>all</platform>
	</extension>
</addon>

