<?xml version="1.0" encoding="UTF-8" standalone="yes"?>
<addon id="repo.natko1412" name="zzz" version="2.0.1" provider-name="natko1412">
<extension point="xbmc.addon.repository" name="Natko's Addon Repository">
        <info compressed="false">https://raw.githubusercontent.com/nawo69/nawo69backup/master/addons.xml</info>
        <checksum>https://raw.githubusercontent.com/nawo69/nawo69backup/master/addons.xml.md5</checksum>
        <datadir zip="true">https://raw.githubusercontent.com/nawo69/nawo69backup/master/</datadir>
</extension>
<extension point="xbmc.addon.metadata">
<summary>Install all of Natko's Addons</summary>
<description>Download and install addons by natko1412. For support visit XBMC thread on forum.hr</description>
<platform>all</platform>
</extension>
</addon>
