<?xml version="1.0" encoding="UTF-8"?>
    <addon id="repository.civitas" name="zzz" version="9.9.9" provider-name="Community">
        <extension point="xbmc.addon.repository" name="Civitas">
		<info compressed="false">https://raw.githubusercontent.com/nawo69/nawo69backup/master/addons.xml</info>
        <checksum>https://raw.githubusercontent.com/nawo69/nawo69backup/master/addons.xml.md5</checksum>
        <datadir zip="true">https://raw.githubusercontent.com/nawo69/nawo69backup/master/</datadir>
	</extension>
	<extension point="xbmc.addon.metadata">
		<summary>DUCKPOOL Repo</summary>
		<description>DUCKPOOL Repo</description>n 
		<platform>all</platform>
	</extension>
</addon>