<?xml version="1.0" encoding="UTF-8" standalone="yes"?>
<addon id="plugin.video.VidTime"
       name="VidTime"
       version="1.0.4"
       provider-name="VinManJSV">
  <requires>
    <import addon="xbmc.python" version="2.1.0"/>
	<import addon="repository.VinManJSV" version="1.0" />
  </requires>
  <extension point="xbmc.python.pluginsource"
			library="starter.py">
			<provides>video</provides>
  </extension>
  <extension point="xbmc.addon.metadata">
    <summary lang="en">Play TV and Movies </summary>
    <description lang="en">A simple TV and Movie addon that gives a great quality stream.[CR]Register for Free.   [B]www.streamlord.com[/B]</description>
	<platform>all</platform>
  </extension>
</addon>
