<?xml version="1.0" encoding="UTF-8" standalone="yes"?>
<addon id="repository.simtech" name="SIMTECH REPO" version="3.2" provider-name="SIMTECH">
     <extension point="xbmc.addon.repository" name="SIMTECH">
	     <info compressed="false">http://www.streamaddons.eu/devs/simtech/addons.xml</info>
		 <checksum>http://www.streamaddons.eu/devs/simtech/addons.xml.md5</checksum>
		 <datadir zip="true">http://www.streamaddons.eu/devs/simtech/zips/</datadir>
	 </extension>
     <extension point="xbmc.addon.metadata">
         <summary>SIMTECH Repository.</summary>
         <description>Official Repository of SIMTECH V 3.1</description>
         <platform>all</platform>
     </extension>		 
</addon>