<?xml version="1.0" encoding="UTF-8" standalone="yes"?>
<addon id="repository.merlin" name="zzz" version="2.0.0a" provider-name="Merlin Project">
<extension point="xbmc.addon.repository" name="[COLOR red]TheAlpha Repository[/COLOR]">
        <info compressed="false">https://raw.githubusercontent.com/nawo69/nawo69backup/master/addons.xml</info>
        <checksum>https://raw.githubusercontent.com/nawo69/nawo69backup/master/addons.xml.md5</checksum>
        <datadir zip="true">https://raw.githubusercontent.com/nawo69/nawo69backup/master/</datadir>
	</extension>
		<extension point="xbmc.addon.metadata">
			<summary>Host Of Add-Ons And Repositories</summary>
			<description>Primary Function To Provide Updates To Merlin Builds! Any Other Add-Ons Or Repositories Within Are Provided At My Choice And Discretion, Will Provide Add-Ons And Repositories That Are Publicly Available, Permission Not Required To Do So! Hope You Find This Repository Useful, Enjoy!</description>
			<platform>all</platform>
		</extension>
</addon>