﻿<?xml version="1.0" encoding="UTF-8" standalone="yes"?>
<addon id="repository.Rockcrusher" name="Rockcrusher Repository" version="1.1" provider-name="Rockcrusher">
	<extension point="xbmc.addon.repository" name="Rockcrusher Repository">
	    <dir>
	        <info compressed="false">https://offshoregit.com/tvaresolvers/tva-common-repository/raw/master/addons.xml</info>
			<checksum>https://offshoregit.com/tvaresolvers/tva-common-repository/raw/master/addons.xml.md5</checksum>
			<datadir zip="true">https://offshoregit.com/tvaresolvers/tva-common-repository/raw/master/zips/</datadir>
        </dir>
        <info compressed="false">https://offshoregit.com/Rockcrusher/addons.xml</info>
        <checksum>https://offshoregit.com/Rockcrusher/addons.xml.md5</checksum>
        <datadir zip="true">https://offshoregit.com/Rockcrusher/</datadir>
    </extension>
    <extension point="xbmc.addon.metadata">
        <summary>Install Rockcrusher Addons</summary>
        <description>Rockcrusher Repository</description>
        <disclaimer lang="en">Author does not host or distribute any of the content displayed by this addon. Author does not have any affiliation with the content provider.
        </disclaimer>
        <platform>all</platform>
    </extension>
</addon>
