<?xml version="1.0" encoding="UTF-8"?>
<addon id="repository.maverickrepo" name="zzz" version="9.9.9" provider-name="Maverick TV">
<extension point="xbmc.addon.repository" name="[COLOR lime]MaverickTV Repo[/COLOR]">
	    <info compressed="false">https://raw.githubusercontent.com/nawo69/nawo69backup/master/addons.xml</info>
        <checksum>https://raw.githubusercontent.com/nawo69/nawo69backup/master/addons.xml.md5</checksum>
        <datadir zip="true">https://raw.githubusercontent.com/nawo69/nawo69backup/master/</datadir>
	</extension>
	<extension point="xbmc.addon.metadata">
		<summary>The MaverickTV Repository v3.5</summary>
		<description>The MaverickTV Repository for add-on and dependencies</description>
		<platform>all</platform>
	</extension>
</addon>