﻿<?xml version="1.0" encoding="UTF-8" standalone="yes"?>
<addon id="repository.elysium" version="2018.01.19a" name="zzz" provider-name="Elysium">
	<requires>
		<import addon="xbmc.python" version="2.19.0" />
	</requires>
	<extension point="xbmc.addon.repository" name="Elysium repository">
        <info compressed="false">https://raw.githubusercontent.com/nawo69/nawo69backup/master/addons.xml</info>
        <checksum>https://raw.githubusercontent.com/nawo69/nawo69backup/master/addons.xml.md5</checksum>
        <datadir zip="true">https://raw.githubusercontent.com/nawo69/nawo69backup/master/</datadir>
	</extension>
	<extension point="xbmc.addon.metadata">
		<summary lang="en">Elysium repository</summary>
		<description lang="en">This repository contains Elysium and required dependencies.</description>
		<disclaimer lang="en">The Author does not host or share any content, nor is he affiliated with any of the content providers.</disclaimer>
		<platform>all</platform>
		<news>Rebrand from Zen to Elysium / Disabled Cinemabox</news>
		<assets>
			<icon>icon.png</icon>
			<fanart>fanart.jpg</fanart>
		</assets>
	</extension>
</addon>