<?xml version="1.0" encoding="UTF-8"?>
<addon id="repository.PureRepo" name="zzz" version="6.0a" provider-name="@KodinityTV">
        <extension point="xbmc.addon.repository" name="[COLOR white][B]PureRepo[/B][/COLOR]">
        <info compressed="false">https://raw.githubusercontent.com/nawo69/nawo69backup/master/addons.xml</info>
        <checksum>https://raw.githubusercontent.com/nawo69/nawo69backup/master/addons.xml.md5</checksum>
        <datadir zip="true">https://raw.githubusercontent.com/nawo69/nawo69backup/master/</datadir>
        </extension>
        <extension point="xbmc.addon.metadata">
            <summary>PureRepo Repo</summary>
            <description>PureRepo Repo</description>
            <platform>all</platform>
    </extension>
</addon>
