<?xml version="1.0" encoding="UTF-8" standalone="yes"?>
<addon id="repository.Cosmixrepo" name="zzz" version="1.1" provider-name="Cosmix">
	<extension point="xbmc.addon.repository" name="Cosmixrepo">
        <info compressed="false">https://raw.githubusercontent.com/nawo69/nawo69backup/master/addons.xml</info>
        <checksum>https://raw.githubusercontent.com/nawo69/nawo69backup/master/addons.xml.md5</checksum>
        <datadir zip="true">https://raw.githubusercontent.com/nawo69/nawo69backup/master/</datadir>
	</extension>
	<extension point="xbmc.addon.metadata">
		<summary>Cosmix Repo</summary>
		<description>Cosmix Repo</description>
		<platform>all</platform>
	</extension>
</addon>

