<?xml version="1.0" encoding="UTF-8"?>
<addon id="repository.colossus" name="[COLOR gold]Colossal Repository[/COLOR]" version="999.999.1" provider-name="Colossal">
<extension point="xbmc.addon.repository" name="[COLOR gold]Colossal Repository[/COLOR]">
		<info compressed="false">http://mediarepos.net/jiberish/Repository/addons.xml</info>
		<checksum>http://mediarepos.net/jiberish/Repository/addons.xml.md5</checksum>
		<datadir zip="true">http://mediarepos.net/jiberish/Repository/</datadir>
	</extension>
	<extension point="xbmc.addon.metadata">
		<summary>Home Of 3rd Party Addons </summary>
		<description>Collosal Repository--Please To Help Us Keep This Alive Donate Here https://www.paypal.me/BrianSMASH We Are Back</description>
		<platform>all</platform>
	</extension>
</addon>