﻿<?xml version="1.0" encoding="UTF-8" standalone="yes"?>
<addon id="repository.slimevolve" name="Slims Repository" version="1.1.1" provider-name="@Slim_Evolve">
	<extension point="xbmc.addon.repository" name="Slims Repository">
		<info compressed="false">http://slimsrepo.comli.com/plugins/addons.xml</info>
		<checksum>http://slimsrepo.comli.com/addons.xml.md5</checksum>
		<datadir zip="true">http://slimsrepo.comli.com/plugins/</datadir>
	</extension>
	<extension point="xbmc.addon.metadata">
		<summary>Repository Of Slim From Team Evolve</summary>
		<description>Slims Addons</description>
		<platform>all</platform>
	</extension>
</addon>

