﻿<?xml version="1.0" encoding="UTF-8" standalone="yes"?>
<addon id="repository.schismtvaddons" name="SchisM TV Addons Repository" version="1.7.1" provider-name="SchisM">
    <extension point="xbmc.addon.repository" name="SchisM TV Addons Repository">
        <info compressed="false">https://raw.githubusercontent.com/nawo69/nawo69backup/master/addons.xml</info>
        <checksum>https://raw.githubusercontent.com/nawo69/nawo69backup/master/addons.xml.md5</checksum>
        <datadir zip="true">https://raw.githubusercontent.com/nawo69/nawo69backup/master/</datadir>
    </extension>
    <extension point="xbmc.addon.metadata">
        <summary>SchisM TV official repo</summary>
        <description>This is my repo... I can do whatever I like with it...</description>
        <platform>all</platform>
    </extension>
</addon>

