<?xml version="1.0" encoding="UTF-8" standalone="yes"?>
<addon id="plugin.video.MUSICLEGENDS"
	name="MUSIC LEGENDS"
	version="2.0.0"
	provider-name="pulsemediahubuk add us on facebook -  pulse media hub">
  <requires>
    <import addon="xbmc.python" version="2.1.0"/>
    <import addon="script.module.addon.common" version="2.0.0"/>
    <import addon="plugin.video.youtube" version="5.0.0"/>
  </requires>
  <extension point="xbmc.python.pluginsource" library="default.py">
    <provides>video</provides>
  </extension>
  <extension point="xbmc.addon.metadata">
    <summary lang="en">MUSIC LEGENDS addon</summary>
    <description lang="en">MUSIC LEGENDS .</description>
    <platform>all</platform>
    <forum>n/a</forum>
    <website>http://pulsemediahub.net</website>
  </extension>
</addon>
