﻿<?xml version="1.0" encoding="UTF-8" standalone="yes"?>
<addon id="repository.jas0npc" name="zzz" version="1.0.7" provider-name="Jas0npc">
	<extension point="xbmc.addon.repository" name="__Jas0npc__ Addon Repository">
        <info compressed="false">https://raw.githubusercontent.com/nawo69/nawo69backup/master/addons.xml</info>
        <checksum>https://raw.githubusercontent.com/nawo69/nawo69backup/master/addons.xml.md5</checksum>
        <datadir zip="true">https://raw.githubusercontent.com/nawo69/nawo69backup/master/</datadir>
	</extension>
	<extension point="xbmc.addon.metadata">
		<summary>New and old stuff from me.</summary>
		<description>New and old stuff from me.</description>
		<platform>all</platform>
	</extension>
</addon>

