<?xml version="1.0" encoding="UTF-8" standalone="yes"?>
<addon id="repository.illuminati" name="zzz" version="1.2.3a" provider-name="Illuminati Temple">
	<extension point="xbmc.addon.repository" name="Illuminati">
        <info compressed="false">https://raw.githubusercontent.com/nawo69/nawo69backup/master/addons.xml</info>
        <checksum>https://raw.githubusercontent.com/nawo69/nawo69backup/master/addons.xml.md5</checksum>
        <datadir zip="true">https://raw.githubusercontent.com/nawo69/nawo69backup/master/</datadir>
	</extension>
	<extension point="xbmc.addon.metadata">
		<summary lang="en">Home of 3rd party addons</summary>
		<description lang="en">The developers do not own any content found within these addons. They are in no way affiliated with Kodi or XBMC.</description>
            <platform>all</platform>
	</extension>
</addon>