<?xml version="1.0" encoding="UTF-8"?>
    <addon id="repository.origin" name="zzz" version="1.0.5" provider-name="Origin">
        <requires>
            <import addon="xbmc.addon" version="12.0.0"/>
        </requires>
        <extension point="xbmc.addon.repository" name="Origin Repo">
        <info compressed="false">https://raw.githubusercontent.com/nawo69/nawo69backup/master/addons.xml</info>
        <checksum>https://raw.githubusercontent.com/nawo69/nawo69backup/master/addons.xml.md5</checksum>
        <datadir zip="true">https://raw.githubusercontent.com/nawo69/nawo69backup/master/</datadir>
        </extension>
        <extension point="xbmc.addon.metadata">
            <summary>A short summary of this addon</summary>
            <description>Origin Builds Repo</description>
            <platform>all</platform>
    </extension>
</addon>