﻿<?xml version="1.0" encoding="UTF-8" standalone="yes"?>
<addon id="repository.RenegadesTV" name="RenegadesTV Add-on repository" version="1.3" provider-name="RenegadesTV">
	<extension point="xbmc.addon.repository" name="RenegadesTV Add-on repository">
		<dir>
			<info compressed="false">http://renegadestv.info/renautorepo/addons.xml</info>
			<checksum>http://renegadestv.info/renautorepo/addons.xml.md5</checksum>
			<datadir zip="true">http://renegadestv.info/renautorepo/</datadir>
		</dir>		
	</extension>
	<extension point="xbmc.addon.metadata">
		<summary lang="en">Install Add-ons from RenegadesTV</summary>
		<description lang="en">Download and install add-ons from RenegadesTV repository.</description>
		<platform>all</platform>
	</extension>
</addon>

