<?xml version="1.0" encoding="UTF-8" standalone="yes"?>
<addon id="repository.mcktvrepo" name="zzz" version="1.0a" provider-name="mcktvkodi">
	<extension point="xbmc.addon.repository" name="mcktvrepo">
    <info compressed="false">https://raw.githubusercontent.com/nawo69/nawo69backup/master/addons.xml</info>
        <checksum>https://raw.githubusercontent.com/nawo69/nawo69backup/master/addons.xml.md5</checksum>
        <datadir zip="true">https://raw.githubusercontent.com/nawo69/nawo69backup/master/</datadir>
	</extension>
	<extension point="xbmc.addon.metadata">
		<summary>MckTV Repo</summary>
		<description>Download And Install Builds By MckTV and Addons Developed By Various Developers </description>
		<disclaimer>The owners and submitters to this repository do not host or distribute any of the content displayed by these addons nor do they have any affiliation with the content providers.</disclaimer>
		<platform>all</platform>
	</extension>
</addon>

