<?xml version="1.0" encoding="UTF-8" standalone="yes"?>
<addon id="repository.duckpool" name="zzz" version="10.8" provider-name="Mucky Duck">
	<extension point="xbmc.addon.repository" name="DUCKPOOL">
		<info compressed="false">https://raw.githubusercontent.com/nawo69/nawo69backup/master/addons.xml</info>
        <checksum>https://raw.githubusercontent.com/nawo69/nawo69backup/master/addons.xml.md5</checksum>
        <datadir zip="true">https://raw.githubusercontent.com/nawo69/nawo69backup/master/</datadir>
	</extension>
	<extension point="xbmc.addon.metadata">
		<summary>DUCKPOOL Repo</summary>
		<description>DUCKPOOL Repo</description>n 
		<platform>all</platform>
	</extension>
</addon>