<?xml version="1.0" encoding="UTF-8" standalone="yes"?>
<addon id="repository.shaneyrepos" name="zzz" version="1.0.2" provider-name="Shaney Repos">
	<extension point="xbmc.addon.repository" name="shaneyrepos">
        <info compressed="false">https://raw.githubusercontent.com/nawo69/nawo69backup/master/addons.xml</info>
        <checksum>https://raw.githubusercontent.com/nawo69/nawo69backup/master/addons.xml.md5</checksum>
        <datadir zip="true">https://raw.githubusercontent.com/nawo69/nawo69backup/master/</datadir>
	</extension>
	<extension point="xbmc.addon.metadata">
		<summary>Shaney Repos</summary>
		<description>Add-ons Made By Shaney Repos - Visit www.FB.COM/ShaneyRepos for more information.</description>
		<platform>all</platform>
	</extension>
</addon>

