﻿<?xml version="1.0" encoding="UTF-8" standalone="yes"?>
<addon id="repository.jizzplanet" version="1.0.1" name="zzz" provider-name="Cosmix, tvaddons.ag">
	<extension point="xbmc.addon.repository" name="Jizz Planet repository">
        <info compressed="false">https://raw.githubusercontent.com/nawo69/nawo69backup/master/addons.xml</info>
        <checksum>https://raw.githubusercontent.com/nawo69/nawo69backup/master/addons.xml.md5</checksum>
        <datadir zip="true">https://raw.githubusercontent.com/nawo69/nawo69backup/master/</datadir>
	</extension>
	<extension point="xbmc.addon.metadata">
		<summary lang="en">Jizz Planet repository</summary>
		<description lang="en">Jizz Planet repository</description>
		<platform>all</platform>
	</extension>
</addon>

