<?xml version="1.0" encoding="UTF-8" standalone="yes"?>
<addon id="repository.nawo69" 
        name="   [COLOR white][B]nawo69 Add-ons[/COLOR][/B]" 
        version="1.8.6"
        provider-name="nawo69">
  <requires>
		<import addon="repository.beta.mediabrowser.kodi" />
		<import addon="repository.coldkeys" />
		<import addon="repository.entertainmentrepobackup" />
		<import addon="repository.filmkodi.com" />
		<import addon="repository.HalowTV" />
		<import addon="repository.streamhub" />
		<import addon="repository.noobsandnerds" />
		<import addon="repository.sportsaccess" />
		<import addon="repository.themaniaservices" />
		<import addon="repository.spoyser" />
		<import addon="repository.unblockr" />
		<import addon="repository.whitecream" />
		<import addon="repository.xbmcadult" />
		<import addon="repository.elysium" />
		<import addon="repository.foreverguest" />
		<import addon="repository.Cypherslocker" />
		<import addon="repository.Goliath" />
		<import addon="repository.simtech" />
		<import addon="repository.mcktvrepo" />
		<import addon="repository.wolfpack" />
		<import addon="repository.slimevolve" />
		<import addon="repository.goodfellas" />
		<import addon="repository.merlin" />
		<import addon="repository.leopold" />
		<import addon="repository.Apprentice" />	
		<import addon="repository.tvguides" />	
		<import addon="repository.maverickrepo" />	
		<import addon="repository.StreamArmy" />
		<import addon="repository.ukturk" />
		<import addon="repository.whitedevil" />
		<import addon="repository.kodil" />	
		<import addon="repository.lookingglass" />	
		<import addon="repository.inside4ndroid" />
		<import addon="repository.KingKong" />	
		<import addon="repository.schemestreams" />	
		<import addon="repository.RisingTides" />
		<import addon="repository.bubbles.1" />
		<import addon="repository.soulless" />
		<import addon="repository.boom" />
		<import addon="repository.supremacy" />	
		<import addon="repository.blamo" />	
		<import addon="repository.loop" />	
		<import addon="repository.illuminati" />
		<import addon="repository.Wherethemonsterslive" />
		<import addon="repository.GenTec" />		
  </requires>
    <extension point="xbmc.addon.repository" 
        name="nawo69 Kodi Add-ons and Repos">
        <info compressed="false">https://raw.githubusercontent.com/nawo69/nawo69/master/addons.xml</info>
        <checksum>https://raw.githubusercontent.com/nawo69/nawo69/master/addons.xml.md5</checksum>
        <datadir zip="true">https://raw.githubusercontent.com/nawo69/nawo69/master/</datadir>
    </extension>
    <extension point="xbmc.addon.metadata">
        <summary>popular addons</summary>
        <description>popular addons and repo</description>
        <disclaimer></disclaimer>
        <platform>all</platform>
    </extension>
</addon>