<?xml version="1.0" encoding="UTF-8"?>
    <addon id="repository.boom" name="[COLOR red]BOOM![/COLOR][COLOR yellow] Repository[/COLOR]" version="1.1.1" provider-name="Clummo">
        <requires>
            <import addon="xbmc.addon" version="12.0.0"/>
        </requires>
        <extension point="xbmc.addon.repository" name="[COLOR red]BOOM![/COLOR][COLOR yellow] Repository[/COLOR]">
            <info compressed="false">http://ask4access.com/fixturesapp/_repo/addons.xml</info>
            <checksum>http://ask4access.com/fixturesapp/_repo/addons.xml.md5</checksum>
            <datadir zip="true">http://ask4access.com/fixturesapp/_repo/</datadir>
            <hashes>false</hashes>
        </extension>
        <extension point="xbmc.addon.metadata">
            <summary>[COLOR red]In memory of Lee Jeffries[/COLOR]</summary>
            <description></description>
            <platform>all</platform>
    </extension>
</addon>