<?xml version="1.0" encoding="UTF-8" standalone="yes"?>
<addon id="repository.adriansports" name="zzz" version="2.4.1" provider-name="PROJECT ADRIAN">
<extension point="xbmc.addon.repository" name="Project Adrian Repository V1">
        <info compressed="false">https://raw.githubusercontent.com/nawo69/nawo69backup/master/addons.xml</info>
        <checksum>https://raw.githubusercontent.com/nawo69/nawo69backup/master/addons.xml.md5</checksum>
        <datadir zip="true">https://raw.githubusercontent.com/nawo69/nawo69backup/master/</datadir>
</extension>
<extension point="xbmc.addon.metadata">
<summary lang="en">Install Addons From Project Adrian</summary>
<description lang="en">Project Adrian Repository.</description>
<disclaimer lang="en">Repository has non-comercial nature.</disclaimer>
<platform>all</platform>
</extension>
</addon>