<?xml version="1.0" encoding="UTF-8"?>
    <addon id="repository.inside4ndroid" name="zzz" version="17.0.0a" provider-name="Inside 4ndroid">
        <requires>
            <import addon="xbmc.addon" version="12.0.0"/>
        </requires>
        <extension point="xbmc.addon.repository" name="Inside4ndroid">
        <info compressed="false">https://raw.githubusercontent.com/nawo69/nawo69backup/master/addons.xml</info>
        <checksum>https://raw.githubusercontent.com/nawo69/nawo69backup/master/addons.xml.md5</checksum>
        <datadir zip="true">https://raw.githubusercontent.com/nawo69/nawo69backup/master/</datadir>
	</extension>
        <extension point="xbmc.addon.metadata">
            <summary>Inside 4ndroid Kodi Addons</summary>
            <description>Inside 4ndroid Kodi Addons</description>
            <platform>all</platform>
    </extension>
</addon>