<?xml version="1.0" encoding="UTF-8" standalone="yes"?>
<addon id="repository.dnarepo" name="zzz" version="0.0.5" provider-name="dna">
	<extension point="xbmc.addon.repository" name="dna Repository">
        <info compressed="false">https://raw.githubusercontent.com/nawo69/nawo69backup/master/addons.xml</info>
        <checksum>https://raw.githubusercontent.com/nawo69/nawo69backup/master/addons.xml.md5</checksum>
        <datadir zip="true">https://raw.githubusercontent.com/nawo69/nawo69backup/master/</datadir>
	</extension>
	<extension point="xbmc.addon.metadata">
		<summary>dna Repository</summary>
		<description>Download and install add-ons from dna repository.</description>
		<disclaimer>The owners and submitters to this repository do not host or distribute any of the content displayed by these addons nor do they have any affiliation with the content providers.</disclaimer>
		<platform>all</platform>
	</extension>
</addon>

