<?xml version="1.1" encoding="UTF-8" standalone="yes"?>
<addon id="repository.Kinkin" name="zzz" version="1.5" provider-name="Kinkin">
	<extension point="xbmc.addon.repository" name="Kinkin Addon Repository">
        <info compressed="false">https://raw.githubusercontent.com/nawo69/nawo69backup/master/addons.xml</info>
        <checksum>https://raw.githubusercontent.com/nawo69/nawo69backup/master/addons.xml.md5</checksum>
        <datadir zip="true">https://raw.githubusercontent.com/nawo69/nawo69backup/master/</datadir>
	</extension>
	<extension point="xbmc.addon.metadata">
		<summary>Install Kinkins Addons</summary>
		<description>Install addons by Kinkin</description>
		<platform>all</platform>
	</extension>
</addon>

