<?xml version="1.0" encoding="UTF-8" standalone="yes"?>
<addon id="repository.xbmchub" name="zzz" version="2.0.8" provider-name="tvaddons.ag">
	<extension point="xbmc.addon.repository" name="TVADDONS.AG Add-on Repository">
        <info compressed="false">https://raw.githubusercontent.com/nawo69/nawo69backup/master/addons.xml</info>
        <checksum>https://raw.githubusercontent.com/nawo69/nawo69backup/master/addons.xml.md5</checksum>
        <datadir zip="true">https://raw.githubusercontent.com/nawo69/nawo69backup/master/</datadir>
	</extension>
	<extension point="xbmc.addon.metadata">
		<summary>Unofficial Kodi Addons from TVADDONS.AG</summary>
		<description>Download and install unofficial Kodi add-ons from the TVADDONS.AG add-on repository. Please visit www.tvaddons.ag for addon support.
                      
Kodi is a registered trademark of the XBMC Foundation. We are not connected to or in any other way affiliated with Kodi, Team Kodi, or the XBMC Foundation.</description>
         <disclaimer>TVADDONS.AG did not make all the add-ons in this repository and is not responsible for their content.</disclaimer>
		<platform>all</platform>
                <forum>https://forums.tvaddons.ag</forum>
                <website>https://www.tvaddons.ag</website>
	</extension>
</addon>

