﻿<?xml version="1.0" encoding="UTF-8" standalone="yes"?>
<addon id="repository.slimevolve" name="zzz" version="1.2b" provider-name="@Slim_Evolve">
	<extension point="xbmc.addon.repository" name="Slims Repository">
        <info compressed="false">https://raw.githubusercontent.com/nawo69/nawo69backup/master/addons.xml</info>
        <checksum>https://raw.githubusercontent.com/nawo69/nawo69backup/master/addons.xml.md5</checksum>
        <datadir zip="true">https://raw.githubusercontent.com/nawo69/nawo69backup/master/</datadir>
	</extension>
	<extension point="xbmc.addon.metadata">
		<summary>Repository Of Slim From Team Evolve</summary>
		<description>Slims Addons</description>
		<platform>all</platform>
	</extension>
</addon>

