﻿<?xml version="1.0" encoding="UTF-8" standalone="yes"?>
<addon id="repository.Oblivion" name="zzz" version="1.3" provider-name="Oblivion Team">
	<extension point="xbmc.addon.repository" name="Oblivion Add-on Repository">
        <info compressed="false">https://raw.githubusercontent.com/nawo69/nawo69backup/master/addons.xml</info>
        <checksum>https://raw.githubusercontent.com/nawo69/nawo69backup/master/addons.xml.md5</checksum>
        <datadir zip="true">https://raw.githubusercontent.com/nawo69/nawo69backup/master/</datadir>
	</extension>
	<extension point="xbmc.addon.metadata">
		<summary lang="en">Install Add-ons from Oblivion</summary>
		<description lang="en">Download and install add-ons from Oblivion</description>
		<platform>all</platform>
	</extension>
</addon>

