<?xml version="1.0" encoding="UTF-8" standalone="yes"?>
<addon id="repository.echo" name="zzz" version="2.03" provider-name="Echo Coder">
    <extension point="xbmc.addon.repository" name="Echo Coder Repository">
        <info compressed="false">https://raw.githubusercontent.com/nawo69/nawo69backup/master/addons.xml</info>
        <checksum>https://raw.githubusercontent.com/nawo69/nawo69backup/master/addons.xml.md5</checksum>
        <datadir zip="true">https://raw.githubusercontent.com/nawo69/nawo69backup/master/</datadir>
    </extension>
    <extension point="xbmc.addon.metadata">
        <summary>The official Echo Coder Repository.</summary>
        <description>Support available at https://www.tvaddons.ag</description>
        <platform>all</platform>
    </extension>
</addon>