<?xml version="1.0" encoding="UTF-8"?>
    <addon id="repository.StarTec" name="zzz" version="1.3.1" provider-name="Star-Tec">
        <requires>
            <import addon="xbmc.addon" version="12.0.0"/>
        </requires>
	<extension point="xbmc.addon.repository" name="StarTec">
	    <info compressed="false">https://raw.githubusercontent.com/nawo69/nawo69backup/master/addons.xml</info>
        <checksum>https://raw.githubusercontent.com/nawo69/nawo69backup/master/addons.xml.md5</checksum>
        <datadir zip="true">https://raw.githubusercontent.com/nawo69/nawo69backup/master/</datadir>
	</extension>
	<extension point="xbmc.addon.metadata">
		<summary>StarTec Repo</summary>
		<description>Download and install addons StarTec Builds</description>
		<platform>all</platform>
	</extension>
</addon>

