<?xml version="1.0" encoding="UTF-8" standalone="yes"?>
<addon id="repository.StreamAddons" name="[COLOR yellow]Stream Addons[/COLOR]" version="0.1" provider-name="Stream Addons // A Home For All Devs">
	<extension point="xbmc.addon.repository" name="Stream Addons">
		<info compressed="false">http://streamaddons.com/xmls/addons.xml</info>
        <checksum>http://streamaddons.com/xmls/addons.xml.md5</checksum>
        <datadir zip="true">http://streamaddons.com/zips/</datadir>
	</extension>
	<extension point="xbmc.addon.metadata">
		<summary>Stream Addons Repo</summary>
		<description>Official Community StreamAddons.com Repo</description>
		<platform>all</platform>
	</extension>
</addon>