﻿<?xml version="1.0" encoding="UTF-8" standalone="yes"?>
<addon id="repository.eldorado" name="zzz" version="2.0.3" provider-name="eldorado">
	<extension point="xbmc.addon.repository" name="Eldorado's XBMC Addon Repository">
        <info compressed="false">https://raw.githubusercontent.com/nawo69/nawo69backup/master/addons.xml</info>
        <checksum>https://raw.githubusercontent.com/nawo69/nawo69backup/master/addons.xml.md5</checksum>
        <datadir zip="true">https://raw.githubusercontent.com/nawo69/nawo69backup/master/</datadir>     
	</extension>
	<extension point="xbmc.addon.metadata">
		<summary>Install Eldorado's Addons</summary>
		<forum>http://forums.tvaddons.ag/forums/23-ELDORADO-S-XBMC-ADDONS</forum>
		<description>Download and install addons by Eldorado</description>
		<platform>all</platform>
	</extension>
</addon>