<?xml version="1.0" encoding="UTF-8" standalone="yes"?>
<addon id="repository.bigboom" name="BIG BOOM! Repo" version="1.1" provider-name="BOOM!">
	<extension point="xbmc.addon.repository" name="BIG BOOM! Repo">
	<dir>
		<info compressed="false">https://github.com/tvaddonsco/tva-resolvers-repo/raw/master/addons.xml</info>
		<checksum>https://github.com/tvaddonsco/tva-resolvers-repo/raw/master/addons.xml.md5</checksum>
		<datadir zip="true">https://github.com/tvaddonsco/tva-resolvers-repo/raw/master/zips/</datadir>
	</dir>
	<dir>
        <info compressed="false">http://burrtv.tech/bigboom/_repo/addons.xml</info>
        <checksum>http://burrtv.tech/bigboom/_repo/addons.xml.md5</checksum>
        <datadir zip="true">http://burrtv.tech/bigboom/_repo/</datadir>
	</dir>
	</extension>
	<extension point="xbmc.addon.metadata">
		<summary>The Big BOOM!</summary>
		<description>The new, one stop home of BOOMgold and BOOMkids</description>
		<platform>all</platform>
	</extension>
</addon>

