<?xml version="1.0" encoding="UTF-8" standalone="yes"?>
<addon id="script.elysium.artwork" version="2017.06.08" name="Elysium Artwork" provider-name="Elysium">
	<requires>
		<import addon="xbmc.python" version="2.19.0"/>
	</requires>
	<extension point="xbmc.python.script" library="default.py">
		<provides>executable</provides>
	</extension>
	<extension point="xbmc.addon.metadata">
		<summary>Themes for the Elysium Addon</summary>
		<description></description>
		<platform>all</platform>
	</extension>
</addon>
