<?xml version="1.0" encoding="UTF-8" standalone="yes"?>
<addon id="repository.nawo69" 
        name="nawo69 Add-ons" 
        version="1.0.1"
        provider-name="nawo69">
  <requires>
		<import addon="repository.chrischrome" version="1.0" />
  </requires>
    <extension point="xbmc.addon.repository" 
        name="nawo69 XBMC Best Add-ons">
        <info compressed="false">https://raw.githubusercontent.com/nawo69/nawo69/master/addons.xml</info>
        <checksum>https://raw.githubusercontent.com/nawo69/nawo69/master/addons.xml.md5</checksum>
        <datadir zip="true">https://raw.githubusercontent.com/nawo69/nawo69/master/</datadir>
    </extension>
    <extension point="xbmc.addon.metadata">
        <summary>popular addons</summary>
        <description>popular addons for my users</description>
        <disclaimer></disclaimer>
        <platform>all</platform>
    </extension>
</addon>