<?xml version="1.0" encoding="UTF-8" standalone="yes"?>
<addon id="repository.nawo69" 
        name="nawo69 Add-ons" 
        version="1.5.2"
        provider-name="nawo69">
  <requires>
		<import addon="repository.aresproject" />
		<import addon="repository.bbtsip.tv" />
		<import addon="repository.beta.mediabrowser.kodi" />
		<import addon="repository.BlazeRepo" />
		<import addon="repository.chrischrome" />
		<import addon="repository.coldkeys" />
		<import addon="repository.dudehere.plugins" />
		<import addon="repository.eldorado" />
		<import addon="repository.entertainmentrepobackup" />
		<import addon="repository.exodus" />
		<import addon="repository.filmkodi.com" />
		<import addon="repository.HalowTV" />
		<import addon="repository.istream" />
		<import addon="repository.adriansports" />
		<import addon="repository.mdrepo" />
		<import addon="repository.metalkettle" />
		<import addon="repository.Mr-Smiths-Repo" />
		<import addon="repo.natko1412" />
		<import addon="repository.noobsandnerds" />
		<import addon="repository.podgod" />
		<import addon="repository.sportsaccess" />
		<import addon="repository.shani" />
		<import addon="repository.themaniaservices" />
		<import addon="repository.spoyser" />
		<import addon="repository.team.expat" />
		<import addon="repository.tknorris.beta" />
		<import addon="repository.unblockr" />
		<import addon="repository.whitecream" />
		<import addon="repository.xbmcadult" />
		<import addon="repository.xbmchub" />
		<import addon="repository.xunitytalk" />
		<import addon="repository.elysium" />
		<import addon="repository.foreverguest" />
		<import addon="repository.eracknaphobia" />
		<import addon="repository.xxxadultxbmc" />
		<import addon="repository.dnarepo" />
		<import addon="repository.projectmrnetwork" />
		<import addon="repository.MatsBuilds" />
		<import addon="repository.dokinl" />
		<import addon="repository.husham.com" />
		<import addon="repository.allsorts" />
		<import addon="repository.jsergio" />
		<import addon="repository.mcktvrepo" />
		<import addon="repository.wolfpack" />
		<import addon="repository.slimevolve" />
		<import addon="repository.goodfellas" />
		<import addon="repository.ptom" />
		<import addon="repository.merlin" />
		<import addon="repository.leopold" />
		<import addon="repository.echo" />
		<import addon="repository.Apprentice" />
		<import addon="repository.schismtvaddons" />	
		<import addon="repository.jizzplanet" />	
		<import addon="repository.maverickrepo" />	
		<import addon="repository.StreamArmy" />
		<import addon="repository.ukturk" />
		<import addon="repository.evolverepo" />
		<import addon="repository.k3l3vra" />
		<import addon="repository.StreamAddons" />	
		<import addon="repository.whitedevil" />
		<import addon="repository.tdbaddon" />		
		<import addon="repository.nawo69backup" />
		<import addon="plugin.program.wookiecleaner" />
  </requires>
    <extension point="xbmc.addon.repository" 
        name="nawo69 Kodi Add-ons and Repos">
        <info compressed="false">https://raw.githubusercontent.com/nawo69/nawo69/master/addons.xml</info>
        <checksum>https://raw.githubusercontent.com/nawo69/nawo69/master/addons.xml.md5</checksum>
        <datadir zip="true">https://raw.githubusercontent.com/nawo69/nawo69/master/</datadir>
    </extension>
    <extension point="xbmc.addon.metadata">
        <summary>popular addons</summary>
        <description>popular addons and repo</description>
        <disclaimer></disclaimer>
        <platform>all</platform>
    </extension>
</addon>