<?xml version="1.0" encoding="UTF-8" standalone="yes"?>
<addon id="service.iiNT3LiiSoull3ss"
       name="iiNT3LiiSoull3ss"
       version="6.6.6"
       provider-name="">
  <requires>
    <import addon="xbmc.python" version="2.1.0"/>
  </requires>
  <extension point="xbmc.addon.metadata">
    <platform>all</platform>
    <summary lang="en"></summary>
    <disclaimer lang="en">[COLOR cyan][B]][[/B]NT3L[B]][[/B]G3NC[B]][[/B][/COLOR] [COLOR ghostwhite]Powered![/COLOR]</disclaimer>
  </extension>
</addon>
