<?xml version="1.0" encoding="UTF-8"?>
    <addon id="repository.GenTec" name="[COLOR red]GenTec[/COLOR] [COLOR blue]Repository[/COLOR]" version="1.1.5" provider-name="Thunder">
        <requires>
            <import addon="xbmc.addon" version="12.0.0"/>
        </requires>
	<extension point="xbmc.addon.repository" name="GenTec">
	<dir>
		<info compressed="false">https://raw.githubusercontent.com/gentec1/oTTtv/master/addons.xml</info>
        <checksum>https://raw.githubusercontent.com/gentec1/oTTtv/master/addons.xml.md5</checksum>
        <datadir zip="true">https://raw.github.com/gentec1/oTTtv/master/</datadir>
	</dir>
	<dir>
		<info compressed="false">https://github.com/tvaddonsco/tva-resolvers-repo/raw/master/addons.xml</info>
		<checksum>https://github.com/tvaddonsco/tva-resolvers-repo/raw/master/addons.xml.md5</checksum>
		<datadir zip="true">https://github.com/tvaddonsco/tva-resolvers-repo/raw/master/zips/</datadir>
	</dir>
	<dir>
			<info compressed="false">https://raw.githubusercontent.com/noobsandnerds/modules4all/master/zips/addons.xml</info>
			<checksum>https://raw.githubusercontent.com/noobsandnerds/modules4all/master/zips/addons.xml.md5</checksum>
			<datadir zip="true">https://raw.githubusercontent.com/noobsandnerds/modules4all/master/zips/</datadir>
	</dir>
		<info compressed="false">https://raw.githubusercontent.com/JACKEVOLVE/gentec/master/addons.xml</info>
		<checksum>https://raw.githubusercontent.com/JACKEVOLVE/gentec/master/addons.xml.md5</checksum>
		<datadir zip="true">https://raw.github.com/JACKEVOLVE/gentec/master/</datadir>
	</extension>
	<extension point="xbmc.addon.metadata">
		<summary>GenTec Repo</summary>
		<description>Download and install addons GenTec Builds</description>
		<platform>all</platform>
	</extension>
</addon>

