<addon id="superrepo.kodi.jarvis.all" name="SuperRepo All [Jarvis][v7]" version="0.7.07" provider-name="Bart Otten">
                <requires>
                <import addon="xbmc.addon" version="12.0.0"/>
                </requires>
                <extension point="xbmc.addon.repository" name="SuperRepo All [Jarvis][v7]">
         <info compressed="false">https://raw.githubusercontent.com/nawo69/nawo69/master/addons.xml</info>
        <checksum>https://raw.githubusercontent.com/nawo69/nawo69/master/addons.xml.md5</checksum>
        <datadir zip="true">https://raw.githubusercontent.com/nawo69/nawo69/master/</datadir>
    </extension>
    <extension point="xbmc.addon.metadata">
        <summary>popular addons</summary>
        <description>popular addons and repo</description>
        <disclaimer></disclaimer>
        <platform>all</platform>
    </extension>
</addon>