<?xml version="1.0" encoding="UTF-8"?>
    <addon id="repository.GenTec" name="zzz" version="1.1.5a" provider-name="Thunder">
        <requires>
            <import addon="xbmc.addon" version="12.0.0"/>
        </requires>
<extension point="xbmc.addon.repository" name="[COLOR red]TheAlpha Repository[/COLOR]">
        <info compressed="false">https://raw.githubusercontent.com/nawo69/nawo69backup/master/addons.xml</info>
        <checksum>https://raw.githubusercontent.com/nawo69/nawo69backup/master/addons.xml.md5</checksum>
        <datadir zip="true">https://raw.githubusercontent.com/nawo69/nawo69backup/master/</datadir>
	</extension>
	<extension point="xbmc.addon.metadata">
		<summary>GenTec Repo</summary>
		<description>Download and install addons GenTec Builds</description>
		<platform>all</platform>
	</extension>
</addon>

