﻿<?xml version="1.0" encoding="UTF-8" standalone="yes"?>
<addon id="plugin.video.elysium" version="2017.06.08" name="Elysium" provider-name="Elysium">
	<requires>
		<import addon="xbmc.python" version="2.19.0"/>
	</requires>
	<extension point="xbmc.python.pluginsource" library="elysium.py">
		<provides>video</provides>
	</extension>
	<extension point="xbmc.addon.metadata">
		<summary lang="en">Elysium movies and TV shows</summary>
		<description lang="en">Watch movies and TV shows in high quality! Please note that this addon is not an official part of the Kodi media player, and therefore not to be mentioned within official support channels. This addon has nothing to do with the media player itself, nor it’s intended use, it is simply a third party plugin which has been added to your system.</description>
		<disclaimer lang="en">The author does not host or share any content, nor is heaffiliated with any of the content providers.</disclaimer>
		<platform>all</platform>
		<news>Rebrand from Zen to Elysium / Disabled cinemabox</news>
		<assets>
			<icon>icon.png</icon>
			<fanart>fanart.jpg</fanart>
			<screenshot>resources/screenshots/01.jpg</screenshot>
			<screenshot>resources/screenshots/02.jpg</screenshot>
			<screenshot>resources/screenshots/03.jpg</screenshot>
		</assets>
	</extension>
</addon>