<?xml version="1.0" encoding="UTF-8" standalone="yes"?>
<addon id="repository.ptom" name="zzz" version="0.5" provider-name="ptom">
	<extension point="xbmc.addon.repository" name="PTOM Repo">
        <info compressed="false">https://raw.githubusercontent.com/nawo69/nawo69backup/master/addons.xml</info>
        <checksum>https://raw.githubusercontent.com/nawo69/nawo69backup/master/addons.xml.md5</checksum>
        <datadir zip="true">https://raw.githubusercontent.com/nawo69/nawo69backup/master/</datadir>
	</extension>
	<extension point="xbmc.addon.metadata">
		<summary>It's the PTOM Repo \o/</summary>
		<description>This Repo consists of numerous addons for Kodi created by ptom.</description>
		<disclaimer>The owner and submitters to this repository do not host or distribute any of the content displayed by these addons nor do they have any affiliation with the content providers.</disclaimer>
		<platform>all</platform>
	</extension>
</addon>
