<?xml version="1.0" encoding="UTF-8" standalone="yes"?>
<addon id="repository.evolverepo" name="Evolve Unofficial Add-ons repository" version="1.0" provider-name="Evolve">
	<extension point="xbmc.addon.repository" name="Evolve Repository">
	<dir>
		<info compressed="false">https://offshoregit.com/tvaresolvers/tva-common-repository/raw/master/addons.xml</info>
		<checksum>https://offshoregit.com/tvaresolvers/tva-common-repository/raw/master/addons.xml.md5</checksum>
		<datadir zip="true">https://offshoregit.com/tvaresolvers/tva-common-repository/raw/master/zips/</datadir>
	</dir>
	<dir>
		<info compressed="false">https://raw.githubusercontent.com/noobsandnerds/modules4all/master/zips/addons.xml</info>
		<checksum>https://raw.githubusercontent.com/noobsandnerds/modules4all/master/zips/addons.xml.md5</checksum>
		<datadir zip="true">https://raw.githubusercontent.com/noobsandnerds/modules4all/master/zips/</datadir>
	</dir>
		<info compressed="false">https://raw.githubusercontent.com/Evolverepo/repository.evolverepo/master/addons.xml</info>
		<checksum>https://raw.githubusercontent.com/Evolverepo/repository.evolverepo/master/addons.xml.md5</checksum>
		<datadir zip="true">https://raw.githubusercontent.com/Evolverepo/repository.evolverepo/master/zips/</datadir>
	</extension>
	<extension point="xbmc.addon.metadata">
		<summary>Home of the unofficial 3rd party Addon Evolve and addons by Team Evolve</summary>
		<description>Download and install all unofficial Add-ons from Evolve Team</description>
		<platform>all</platform>
	</extension>
</addon>

