<?xml version="1.0" encoding="UTF-8"?>
<addon id="repository.thealpha" name="zzz" version="1.0.7" provider-name="The Alpha">
<extension point="xbmc.addon.repository" name="[COLOR red]TheAlpha Repository[/COLOR]">
        <info compressed="false">https://raw.githubusercontent.com/nawo69/nawo69backup/master/addons.xml</info>
        <checksum>https://raw.githubusercontent.com/nawo69/nawo69backup/master/addons.xml.md5</checksum>
        <datadir zip="true">https://raw.githubusercontent.com/nawo69/nawo69backup/master/</datadir>
	</extension>
	<extension point="xbmc.addon.metadata">
		<summary>3rd Party Addons </summary>
		<description>The Alpha Repository</description>
		<platform>all</platform>
	</extension>
</addon>