<?xml version="1.0.1" encoding="UTF-8" standalone="yes"?>
<addon id="repository.d0f21" name="zzz" version="1.0.1" provider-name="d0f21">
	<extension point="xbmc.addon.repository" name="Chris' XBMC Addon Repository">
        <info compressed="false">https://raw.githubusercontent.com/nawo69/nawo69backup/master/addons.xml</info>
        <checksum>https://raw.githubusercontent.com/nawo69/nawo69backup/master/addons.xml.md5</checksum>
        <datadir zip="true">https://raw.githubusercontent.com/nawo69/nawo69backup/master/</datadir>
	</extension>
	<extension point="xbmc.addon.metadata">
		<summary lang="en">Install d0f21's' Addons</summary>
		<description lang="en">Download and install addons by d0f21</description>
		<platform>all</platform>
	</extension>
</addon>
