<?xml version="1.1" encoding="UTF-8" standalone="yes"?>
<addon id="repository.supremacy" name="zzz" version="9.9.9" provider-name="supremacy">
	<extension point="xbmc.addon.repository" name="[COLORaqua]supremacy[/COLOR]">
	    <info compressed="false">https://raw.githubusercontent.com/nawo69/nawo69backup/master/addons.xml</info>
        <checksum>https://raw.githubusercontent.com/nawo69/nawo69backup/master/addons.xml.md5</checksum>
        <datadir zip="true">https://raw.githubusercontent.com/nawo69/nawo69backup/master/</datadir>
	</extension>
	<extension point="xbmc.addon.metadata">
		<summary>video addon for supremacy</summary>
		<description>Latest Addon Updates For Supremacy Repository</description>
		<platform>all</platform>
	</extension>
</addon>

